compte_id,global_client_id,caisse_id,type_produit,date_ouverture,solde,statut
CPT_DOR_001,GCLI_001,CAISSE_DORI,epargne,2025-02-10,425000,actif
CPT_BAN_001,GCLI_001,CAISSE_BANFORA,depot,2026-09-05,980000,actif
CPT_BAN_002,GCLI_002,CAISSE_BANFORA,epargne,2024-11-12,75000,actif
CPT_OUA_001,GCLI_003,CAISSE_OUAGA,mobile,2026-07-10,130000,actif
CPT_DOR_002,GCLI_004,CAISSE_DORI,epargne,2026-08-20,220000,actif
CPT_BAN_003,GCLI_005,CAISSE_BANFORA,credit,2025-05-01,-350000,actif
CPT_OUA_002,GCLI_006,CAISSE_OUAGA,depot,2026-01-18,2200000,actif
CPT_COT_001,GCLI_007,CAISSE_COTONOU,depot,2026-03-11,1800000,actif
CPT_DOR_003,GCLI_008,CAISSE_DORI,epargne,2026-09-01,1500000,actif
