split,left_id,right_id,left_name,right_name,left_dob,right_dob,label
train,SYN-0100,SYN-0100,Dorinari Zarigalo,Zarigalo Dorinari,,1986-06-18,1
train,SYN-0100,SYN-0128,Naripalo Senagalo,Naripalo Senagalo,,1990-11-23,0
train,SYN-0285,SYN-0285,Zaripalo Tovifena,Tovifena Zaripalo,1962-07-12,1962-07-12,1
train,SYN-0285,SYN-0215,Tovifena Zaripalo,Fenatovi Galodori,,1995-04-19,0
train,SYN-0527,SYN-0527,Senekemi Fenapalo,Senakemi Fenapalo,,1996-12-25,1
train,SYN-0527,SYN-0533,Senakemi Fenapalo,Zaritovi Wenanari,1996-12-25,1970-10-05,0
train,SYN-0588,SYN-0588,Kemiloma Dorisena,Kemiloma Dorisena,1989-01-12,1989-01-12,1
train,SYN-0588,SYN-0571,Kemiloma Dorisena,Dorisena Galofena,,1994-06-13,0
train,SYN-0359,SYN-0359,Palokemi Senabala,Palokemi Senabala,1966-07-05,1966-07-05,1
train,SYN-0359,SYN-0570,Palokemi Senabala,Senasena Tovifena,,1977-02-10,0
train,SYN-0213,SYN-0213,Kemigalo Doripal,Kemigalo Doripalo,1965-11-07,1965-11-07,1
train,SYN-0213,SYN-0067,Kemigalo Doripalo,Balaloma Galowena,1965-11-07,1975-11-04,0
train,SYN-0246,SYN-0246,Dorikemi Palowen,Dorikemi Palowena,1987-08-20,1987-08-20,1
train,SYN-0246,SYN-0549,Lomakemi Doriloma,Lomakemi Doriloma,1987-08-20,1970-01-13,0
train,SYN-0236,SYN-0236,Lomadori Tovisen,Lomadori Tovisena,1973-03-22,1973-03-22,1
train,SYN-0236,SYN-0045,Naribala Narikemi,Naribala Narikemi,1973-03-22,1989-05-14,0
train,SYN-0420,SYN-0420,Lomedori Fenasena,Lomadori Fenasena,1985-09-05,1985-09-05,1
train,SYN-0420,SYN-0250,Balagalo Kemigalo,Balagalo Kemigalo,1985-09-05,1968-05-10,0
train,SYN-0230,SYN-0230,Palonari Narizari,Palonari Narizari,,1966-06-14,1
train,SYN-0230,SYN-0175,Palonari Narizari,Narinari Wenawena,1969-08-02,1969-08-02,0
train,SYN-0225,SYN-0225,Dorifena Tovifena,Tovifena Dorifena,1977-10-21,1977-10-21,1
train,SYN-0225,SYN-0418,Narifena Fenawena,Narifena Fenawena,,1986-06-13,0
train,SYN-0061,SYN-0061,Galowena Wenakem,Galowena Wenakemi,,1992-08-09,1
train,SYN-0061,SYN-0238,Kemitovi Galonari,Kemitovi Galonari,,1995-10-20,0
train,SYN-0048,SYN-0048,Balatovi Lomabala,Lomabala Balatovi,1990-09-28,1990-09-28,1
train,SYN-0048,SYN-0147,Zaritovi Palokemi,Zaritovi Palokemi,1962-04-10,1962-04-10,0
train,SYN-0033,SYN-0033,Dorigalo Galodor,Dorigalo Galodori,1981-01-19,1981-01-19,1
train,SYN-0033,SYN-0586,Lomadori Senawena,Lomadori Senawena,,1963-03-08,0
train,SYN-0571,SYN-0571,Dorisena Galofena,Dorisena Galofena,1994-06-13,1994-06-13,1
train,SYN-0571,SYN-0282,Fenadori Kemidori,Fenadori Kemidori,,1992-09-27,0
train,SYN-0130,SYN-0130,Zerigalo Kemiwena,Zarigalo Kemiwena,1997-06-16,1997-06-16,1
train,SYN-0130,SYN-0025,Fenasena Doriwena,Fenasena Doriwena,1997-06-16,1979-11-17,0
train,SYN-0582,SYN-0582,Wenazari Dorigal,Wenazari Dorigalo,,1992-01-02,1
train,SYN-0582,SYN-0070,Nariwena Zarigalo,Nariwena Zarigalo,1992-01-02,1977-03-26,0
train,SYN-0382,SYN-0382,Kemizari Galozar,Kemizari Galozari,1971-01-01,1991-06-16,1
train,SYN-0382,SYN-0145,Galowena Galokemi,Galowena Galokemi,1991-06-16,1965-03-08,0
train,SYN-0448,SYN-0448,Tovigalo Palosena,Tovigalo Palosena,1981-05-25,1981-05-25,1
train,SYN-0448,SYN-0196,Tovigalo Palosena,Wenawena Balakemi,1981-05-25,1988-01-19,0
train,SYN-0194,SYN-0194,Galotovi Lomagal,Galotovi Lomagalo,2000-04-20,2000-04-20,1
train,SYN-0194,SYN-0379,Fenapalo Senaloma,Fenapalo Senaloma,1994-06-22,1994-06-22,0
train,SYN-0446,SYN-0446,Fenabala Kemisen,Fenabala Kemisena,1997-10-24,1997-10-24,1
train,SYN-0446,SYN-0491,Tovigalo Tovisena,Tovigalo Tovisena,1997-10-24,1971-11-25,0
train,SYN-0134,SYN-0134,Galogalo Zaripalo,Galogalo Zaripalo,1977-12-19,1977-12-19,1
train,SYN-0134,SYN-0341,Galogalo Zaripalo,Lomasena Kemidori,,1976-04-21,0
train,SYN-0337,SYN-0337,Fenaloma Tovidori,Tovidori Fenaloma,1971-01-01,1964-08-15,1
train,SYN-0337,SYN-0016,Zariloma Galowena,Zariloma Galowena,,1991-07-21,0
train,SYN-0091,SYN-0091,Gelofena Wenazari,Galofena Wenazari,1960-02-25,1960-02-25,1
train,SYN-0091,SYN-0200,Galofena Wenazari,Lomadori Palodori,1969-04-28,1969-04-28,0
train,SYN-0217,SYN-0217,Senakemi Fenafena,Fenafena Senakemi,1971-02-22,1971-02-22,1
train,SYN-0217,SYN-0494,Fenafena Senakemi,Kemigalo Kemiwena,1971-02-22,1969-12-14,0
train,SYN-0026,SYN-0026,Fenaloma Tovigalo,Tovigalo Fenaloma,,1970-09-25,1
train,SYN-0026,SYN-0580,Palopalo Senaloma,Palopalo Senaloma,,1963-08-28,0
train,SYN-0155,SYN-0155,Wenatovi Tovibal,Wenatovi Tovibala,1977-10-02,1977-10-02,1
train,SYN-0155,SYN-0318,Wenakemi Kemipalo,Wenakemi Kemipalo,,1998-12-14,0
train,SYN-0324,SYN-0324,Balatovi Fenawena,Balatovi Fenawena,1971-01-01,1988-06-12,1
train,SYN-0324,SYN-0397,Kemigalo Doriloma,Kemigalo Doriloma,1970-12-15,1970-12-15,0
train,SYN-0555,SYN-0555,Lomakemi Fenanari,Lomakemi Fenanari,,1968-11-22,1
train,SYN-0555,SYN-0581,Tovifena Lomafena,Tovifena Lomafena,1968-11-22,1976-02-19,0
train,SYN-0110,SYN-0110,Doripalo Balazar,Doripalo Balazari,1994-01-12,1994-01-12,1
train,SYN-0110,SYN-0499,Balatovi Wenawena,Balatovi Wenawena,,1985-06-26,0
train,SYN-0221,SYN-0221,Tovidori Lomasena,Lomasena Tovidori,1988-09-08,1988-09-08,1
train,SYN-0221,SYN-0488,Lomatovi Zarigalo,Lomatovi Zarigalo,,1990-06-06,0
train,SYN-0079,SYN-0079,Wenagalo Zarizari,Zarizari Wenagalo,,1983-07-03,1
train,SYN-0079,SYN-0005,Lomakemi Fenagalo,Lomakemi Fenagalo,1983-07-03,1981-02-03,0
train,SYN-0597,SYN-0597,Tovitovi Belanari,Tovitovi Balanari,1968-04-10,1968-04-10,1
train,SYN-0597,SYN-0196,Wenawena Balakemi,Wenawena Balakemi,1968-04-10,1988-01-19,0
train,SYN-0116,SYN-0116,Nerizari Galodori,Narizari Galodori,1997-12-27,1997-12-27,1
train,SYN-0116,SYN-0282,Narizari Galodori,Fenadori Kemidori,1997-12-27,1992-09-27,0
train,SYN-0435,SYN-0435,Senanari Palobala,Palobala Senanari,,1986-09-17,1
train,SYN-0435,SYN-0586,Lomadori Senawena,Lomadori Senawena,1986-09-17,1963-03-08,0
train,SYN-0259,SYN-0259,Fenadori Senawena,Fenadori Senawena,,1967-09-17,1
train,SYN-0259,SYN-0233,Fenadori Senawena,Zariloma Fenasena,1967-09-17,1963-10-18,0
train,SYN-0190,SYN-0190,Kemipalo Kemigal,Kemipalo Kemigalo,1984-08-04,1984-08-04,1
train,SYN-0190,SYN-0316,Dorizari Naridori,Dorizari Naridori,1987-10-27,1987-10-27,0
train,SYN-0424,SYN-0424,Wenanari Doribala,Doribala Wenanari,1999-01-08,1999-01-08,1
train,SYN-0424,SYN-0350,Doribala Wenanari,Palogalo Lomatovi,1969-06-28,1969-06-28,0
train,SYN-0503,SYN-0503,Feneloma Balapalo,Fenaloma Balapalo,1966-05-14,1966-05-14,1
train,SYN-0503,SYN-0425,Galodori Doritovi,Galodori Doritovi,,1962-08-20,0
train,SYN-0074,SYN-0074,Wenesena Nariwena,Wenasena Nariwena,1994-06-01,1994-06-01,1
train,SYN-0074,SYN-0344,Wenasena Nariwena,Fenawena Tovizari,1994-06-01,1998-06-27,0
train,SYN-0483,SYN-0483,Dorifena Palofena,Palofena Dorifena,,1987-05-14,1
train,SYN-0483,SYN-0482,Palofena Dorifena,Wenanari Fenafena,1987-05-14,1977-05-09,0
train,SYN-0018,SYN-0018,Zaritovi Senakemi,Senakemi Zaritovi,1987-10-13,1987-10-13,1
train,SYN-0018,SYN-0275,Senakemi Zaritovi,Senawena Narikemi,,1976-12-28,0
train,SYN-0376,SYN-0376,Narizari Galonari,Narizari Galonari,1992-10-16,1992-10-16,1
train,SYN-0376,SYN-0438,Galobala Keminari,Galobala Keminari,,1998-10-02,0
train,SYN-0354,SYN-0354,Keminari Tovinari,Keminari Tovinari,1975-03-27,1975-03-27,1
train,SYN-0354,SYN-0580,Keminari Tovinari,Palopalo Senaloma,1963-08-28,1963-08-28,0
train,SYN-0428,SYN-0428,Toviloma Galozari,Galozari Toviloma,1971-01-01,1996-10-25,1
train,SYN-0428,SYN-0319,Galozari Toviloma,Fenazari Paloloma,1996-10-25,1988-01-24,0
train,SYN-0270,SYN-0270,Senafena Balapal,Senafena Balapalo,1966-06-23,1966-06-23,1
train,SYN-0270,SYN-0500,Naridori Baladori,Naridori Baladori,,1976-04-17,0
train,SYN-0492,SYN-0492,Senabala Zaripalo,Senabala Zaripalo,,1973-08-26,1
train,SYN-0492,SYN-0083,Wenazari Fenatovi,Wenazari Fenatovi,1973-08-26,1996-05-13,0
train,SYN-0319,SYN-0319,Paloloma Fenazari,Fenazari Paloloma,,1988-01-24,1
train,SYN-0319,SYN-0285,Tovifena Zaripalo,Tovifena Zaripalo,1988-01-24,1962-07-12,0
train,SYN-0156,SYN-0156,Fenepalo Senawena,Fenapalo Senawena,1988-05-06,1988-05-06,1
train,SYN-0156,SYN-0207,Balabala Kemipalo,Balabala Kemipalo,,1967-02-08,0
train,SYN-0185,SYN-0185,Toviwena Fenafena,Toviwena Fenafena,,1971-02-20,1
train,SYN-0185,SYN-0387,Senazari Kemifena,Senazari Kemifena,,1966-10-24,0
train,SYN-0235,SYN-0235,Wenanari Zaribal,Wenanari Zaribala,1978-10-10,1978-10-10,1
train,SYN-0235,SYN-0484,Kemipalo Doriloma,Kemipalo Doriloma,1978-10-10,1976-04-24,0
train,SYN-0153,SYN-0153,Palodori Senapalo,Senapalo Palodori,1998-01-14,1998-01-14,1
train,SYN-0153,SYN-0085,Tovitovi Wenaloma,Tovitovi Wenaloma,1998-01-14,1989-08-15,0
train,SYN-0461,SYN-0461,Wenabala Doriwena,Doriwena Wenabala,1971-01-01,1965-07-13,1
train,SYN-0461,SYN-0507,Doriwena Wenabala,Balazari Doribala,1965-07-13,1981-11-04,0
train,SYN-0071,SYN-0071,Zaridori Naribal,Zaridori Naribala,1990-04-07,1990-04-07,1
train,SYN-0071,SYN-0189,Paloloma Tovikemi,Paloloma Tovikemi,1990-04-07,2000-07-23,0
train,SYN-0243,SYN-0243,Zerisena Galonari,Zarisena Galonari,1986-08-11,1986-08-11,1
train,SYN-0243,SYN-0386,Zarisena Galonari,Kemizari Palogalo,,1972-09-09,0
train,SYN-0207,SYN-0207,Belabala Kemipalo,Balabala Kemipalo,1967-02-08,1967-02-08,1
train,SYN-0207,SYN-0370,Balaloma Lomawena,Balaloma Lomawena,1967-02-08,1967-07-19,0
train,SYN-0569,SYN-0569,Senenari Narizari,Senanari Narizari,1985-02-21,1985-02-21,1
train,SYN-0569,SYN-0373,Senanari Narizari,Tovipalo Fenasena,1985-02-21,2000-12-20,0
train,SYN-0118,SYN-0118,Doritovi Balalom,Doritovi Balaloma,,1994-07-22,1
train,SYN-0118,SYN-0593,Kemidori Galosena,Kemidori Galosena,1994-07-22,1975-07-16,0
train,SYN-0427,SYN-0427,Galosena Galobal,Galosena Galobala,1968-09-10,1968-09-10,1
train,SYN-0427,SYN-0547,Galosena Galobala,Fenapalo Palobala,1968-09-10,1987-04-23,0
train,SYN-0556,SYN-0556,Fenadori Senatovi,Fenadori Senatovi,1960-10-21,1960-10-21,1
train,SYN-0556,SYN-0341,Lomasena Kemidori,Lomasena Kemidori,1960-10-21,1976-04-21,0
train,SYN-0040,SYN-0040,Balanari Wenadori,Wenadori Balanari,,1981-02-08,1
train,SYN-0040,SYN-0397,Kemigalo Doriloma,Kemigalo Doriloma,1981-02-08,1970-12-15,0
train,SYN-0242,SYN-0242,Wenenari Dorifena,Wenanari Dorifena,2000-01-03,2000-01-03,1
train,SYN-0242,SYN-0079,Wenanari Dorifena,Zarizari Wenagalo,2000-01-03,1983-07-03,0
train,SYN-0587,SYN-0587,Naridori Senabala,Senabala Naridori,1989-05-25,1989-05-25,1
train,SYN-0587,SYN-0574,Senabala Naridori,Doripalo Tovitovi,1989-05-25,1963-05-22,0
train,SYN-0059,SYN-0059,Dorifena Kemidori,Dorifena Kemidori,,1966-12-18,1
train,SYN-0059,SYN-0293,Naridori Galopalo,Naridori Galopalo,1966-12-18,1982-01-14,0
train,SYN-0457,SYN-0457,Senazari Wenanari,Senazari Wenanari,1971-02-04,1971-02-04,1
train,SYN-0457,SYN-0375,Dorigalo Balapalo,Dorigalo Balapalo,,1980-07-05,0
train,SYN-0349,SYN-0349,Dorizeri Balafena,Dorizari Balafena,,1988-07-16,1
train,SYN-0349,SYN-0057,Dorizari Balafena,Kemifena Palosena,1988-07-16,1979-10-26,0
train,SYN-0189,SYN-0189,Peloloma Tovikemi,Paloloma Tovikemi,2000-07-23,2000-07-23,1
train,SYN-0189,SYN-0115,Doritovi Balakemi,Doritovi Balakemi,,1996-11-13,0
train,SYN-0419,SYN-0419,Palonari Naridori,Palonari Naridori,,1994-03-21,1
train,SYN-0419,SYN-0077,Palonari Naridori,Senadori Naritovi,,1972-05-02,0
train,SYN-0565,SYN-0565,Lomaloma Senabala,Senabala Lomaloma,1968-07-28,1968-07-28,1
train,SYN-0565,SYN-0189,Paloloma Tovikemi,Paloloma Tovikemi,,2000-07-23,0
train,SYN-0370,SYN-0370,Balaloma Lomawena,Balaloma Lomawena,1967-07-19,1967-07-19,1
train,SYN-0370,SYN-0351,Balaloma Lomawena,Zariloma Zariloma,1967-07-19,1985-03-25,0
train,SYN-0004,SYN-0004,Pelotovi Kemibala,Palotovi Kemibala,1970-12-14,1970-12-14,1
train,SYN-0004,SYN-0233,Zariloma Fenasena,Zariloma Fenasena,1970-12-14,1963-10-18,0
train,SYN-0567,SYN-0567,Doribala Tovidor,Doribala Tovidori,1960-05-07,1960-05-07,1
train,SYN-0567,SYN-0586,Lomadori Senawena,Lomadori Senawena,,1963-03-08,0
train,SYN-0550,SYN-0550,Wenakemi Zarizar,Wenakemi Zarizari,1974-07-21,1974-07-21,1
train,SYN-0550,SYN-0275,Senawena Narikemi,Senawena Narikemi,1976-12-28,1976-12-28,0
train,SYN-0256,SYN-0256,Lomafena Tovipalo,Lomafena Tovipalo,1983-02-14,1983-02-14,1
train,SYN-0256,SYN-0228,Zaridori Wenawena,Zaridori Wenawena,1983-02-14,1995-12-28,0
train,SYN-0471,SYN-0471,Tovitovi Tovinar,Tovitovi Tovinari,1980-01-21,1980-01-21,1
train,SYN-0471,SYN-0237,Palogalo Doriloma,Palogalo Doriloma,,1995-06-04,0
train,SYN-0166,SYN-0166,Neridori Galodori,Naridori Galodori,1989-02-21,1989-02-21,1
train,SYN-0166,SYN-0218,Naridori Galodori,Balafena Balaloma,1989-02-21,1975-10-11,0
train,SYN-0363,SYN-0363,Toviwena Tovidori,Toviwena Tovidori,1968-02-13,1968-02-13,1
train,SYN-0363,SYN-0171,Kemitovi Toviwena,Kemitovi Toviwena,1968-02-13,1991-03-15,0
train,SYN-0344,SYN-0344,Fenawena Tovizar,Fenawena Tovizari,1998-06-27,1998-06-27,1
train,SYN-0344,SYN-0341,Lomasena Kemidori,Lomasena Kemidori,1976-04-21,1976-04-21,0
train,SYN-0511,SYN-0511,Naribala Zaritov,Naribala Zaritovi,1972-08-19,1972-08-19,1
train,SYN-0511,SYN-0071,Zaridori Naribala,Zaridori Naribala,1972-08-19,1990-04-07,0
train,SYN-0351,SYN-0351,Zariloma Zariloma,Zariloma Zariloma,1985-03-25,1985-03-25,1
train,SYN-0351,SYN-0593,Kemidori Galosena,Kemidori Galosena,,1975-07-16,0
train,SYN-0188,SYN-0188,Kemiwena Balapalo,Balapalo Kemiwena,,1994-03-03,1
train,SYN-0188,SYN-0530,Naridori Zariwena,Naridori Zariwena,,1975-05-28,0
train,SYN-0064,SYN-0064,Senezari Narisena,Senazari Narisena,1960-02-03,1960-02-03,1
train,SYN-0064,SYN-0141,Balafena Fenatovi,Balafena Fenatovi,1979-02-08,1979-02-08,0
train,SYN-0586,SYN-0586,Senawena Lomadori,Lomadori Senawena,1963-03-08,1963-03-08,1
train,SYN-0586,SYN-0346,Tovikemi Wenagalo,Tovikemi Wenagalo,1963-03-08,1996-07-20,0
train,SYN-0318,SYN-0318,Kemipalo Wenakemi,Wenakemi Kemipalo,,1998-12-14,1
train,SYN-0318,SYN-0494,Kemigalo Kemiwena,Kemigalo Kemiwena,1998-12-14,1969-12-14,0
train,SYN-0516,SYN-0516,Naritovi Doriloma,Naritovi Doriloma,1971-01-01,1982-08-20,1
train,SYN-0516,SYN-0188,Balapalo Kemiwena,Balapalo Kemiwena,1994-03-03,1994-03-03,0
train,SYN-0390,SYN-0390,Doriwene Fenabala,Doriwena Fenabala,1995-03-14,1995-03-14,1
train,SYN-0390,SYN-0488,Doriwena Fenabala,Lomatovi Zarigalo,1995-03-14,1990-06-06,0
train,SYN-0007,SYN-0007,Belazari Palosena,Balazari Palosena,1971-01-01,1967-07-03,1
train,SYN-0007,SYN-0551,Dorizari Doribala,Dorizari Doribala,1973-08-03,1973-08-03,0
train,SYN-0491,SYN-0491,Tovigalo Tovisena,Tovigalo Tovisena,1971-11-25,1971-11-25,1
train,SYN-0491,SYN-0003,Tovibala Senagalo,Tovibala Senagalo,1971-11-25,1994-07-08,0
train,SYN-0262,SYN-0262,Wenadori Fenawen,Wenadori Fenawena,1991-08-25,1991-08-25,1
train,SYN-0262,SYN-0304,Wenadori Senaloma,Wenadori Senaloma,1964-09-18,1964-09-18,0
train,SYN-0388,SYN-0388,Tovigelo Galobala,Tovigalo Galobala,,1993-04-21,1
train,SYN-0388,SYN-0173,Tovigalo Galobala,Paloloma Galozari,1993-04-21,1975-10-13,0
train,SYN-0052,SYN-0052,Wenatovi Tovisena,Wenatovi Tovisena,1971-01-01,1980-05-07,1
train,SYN-0052,SYN-0397,Kemigalo Doriloma,Kemigalo Doriloma,1970-12-15,1970-12-15,0
train,SYN-0147,SYN-0147,Zaritovi Palokemi,Zaritovi Palokemi,1962-04-10,1962-04-10,1
train,SYN-0147,SYN-0397,Zaritovi Palokemi,Kemigalo Doriloma,1970-12-15,1970-12-15,0
train,SYN-0326,SYN-0326,Lomawena Kemigal,Lomawena Kemigalo,,1967-01-24,1
train,SYN-0326,SYN-0574,Lomawena Kemigalo,Doripalo Tovitovi,,1963-05-22,0
train,SYN-0549,SYN-0549,Lomekemi Doriloma,Lomakemi Doriloma,1970-01-13,1970-01-13,1
train,SYN-0549,SYN-0007,Balazari Palosena,Balazari Palosena,,1967-07-03,0
train,SYN-0232,SYN-0232,Doridori Doridori,Doridori Doridori,,1987-02-24,1
train,SYN-0232,SYN-0378,Doridori Doridori,Senaloma Wenapalo,1987-02-24,1993-07-11,0
train,SYN-0310,SYN-0310,Wenefena Fenadori,Wenafena Fenadori,1989-01-10,1989-01-10,1
train,SYN-0310,SYN-0207,Balabala Kemipalo,Balabala Kemipalo,1989-01-10,1967-02-08,0
train,SYN-0077,SYN-0077,Senadori Naritov,Senadori Naritovi,1972-05-02,1972-05-02,1
train,SYN-0077,SYN-0224,Doripalo Zaripalo,Doripalo Zaripalo,,1964-02-11,0
train,SYN-0387,SYN-0387,Kemifena Senazari,Senazari Kemifena,1966-10-24,1966-10-24,1
train,SYN-0387,SYN-0426,Wenazari Balagalo,Wenazari Balagalo,,1962-07-15,0
train,SYN-0353,SYN-0353,Dorikemi Palogalo,Dorikemi Palogalo,1969-02-02,1969-02-02,1
train,SYN-0353,SYN-0345,Tovibala Baladori,Tovibala Baladori,1969-02-02,1962-11-25,0
train,SYN-0584,SYN-0584,Fenebala Senazari,Fenabala Senazari,,1986-04-11,1
train,SYN-0584,SYN-0492,Senabala Zaripalo,Senabala Zaripalo,1986-04-11,1973-08-26,0
train,SYN-0564,SYN-0564,Naridori Galopal,Naridori Galopalo,2000-10-03,2000-10-03,1
train,SYN-0564,SYN-0064,Senazari Narisena,Senazari Narisena,2000-10-03,1960-02-03,0
train,SYN-0383,SYN-0383,Lomasena Zarikem,Lomasena Zarikemi,1978-02-19,1978-02-19,1
train,SYN-0383,SYN-0233,Zariloma Fenasena,Zariloma Fenasena,,1963-10-18,0
train,SYN-0395,SYN-0395,Kemitovi Tovidori,Kemitovi Tovidori,1971-01-01,1981-05-15,1
train,SYN-0395,SYN-0317,Fenasena Kemiloma,Fenasena Kemiloma,1981-05-15,1966-02-11,0
train,SYN-0371,SYN-0371,Kemizari Zariwena,Kemizari Zariwena,1971-01-01,1961-10-16,1
train,SYN-0371,SYN-0228,Zaridori Wenawena,Zaridori Wenawena,1961-10-16,1995-12-28,0
train,SYN-0309,SYN-0309,Lomewena Fenawena,Lomawena Fenawena,1989-12-16,1989-12-16,1
train,SYN-0309,SYN-0209,Zarisena Naritovi,Zarisena Naritovi,1989-12-16,1969-07-21,0
train,SYN-0167,SYN-0167,Zarikemi Fenapalo,Fenapalo Zarikemi,1992-12-09,1992-12-09,1
train,SYN-0167,SYN-0577,Senazari Kemifena,Senazari Kemifena,1992-12-09,1983-03-24,0
train,SYN-0317,SYN-0317,Fenasena Kemiloma,Fenasena Kemiloma,1966-02-11,1966-02-11,1
train,SYN-0317,SYN-0588,Kemiloma Dorisena,Kemiloma Dorisena,,1989-01-12,0
train,SYN-0557,SYN-0557,Lomazari Fenapalo,Fenapalo Lomazari,1973-11-24,1973-11-24,1
train,SYN-0557,SYN-0363,Toviwena Tovidori,Toviwena Tovidori,1973-11-24,1968-02-13,0
train,SYN-0487,SYN-0487,Lomanari Lomapalo,Lomapalo Lomanari,1998-03-10,1998-03-10,1
train,SYN-0487,SYN-0275,Lomapalo Lomanari,Senawena Narikemi,1998-03-10,1976-12-28,0
train,SYN-0496,SYN-0496,Senasena Zarinar,Senasena Zarinari,1994-01-26,1994-01-26,1
train,SYN-0496,SYN-0316,Dorizari Naridori,Dorizari Naridori,1987-10-27,1987-10-27,0
train,SYN-0109,SYN-0109,Paloloma Lomanar,Paloloma Lomanari,,1977-07-09,1
train,SYN-0109,SYN-0038,Palonari Galodori,Palonari Galodori,1966-11-14,1966-11-14,0
train,SYN-0515,SYN-0515,Palosena Wenaloma,Palosena Wenaloma,1998-07-20,1998-07-20,1
train,SYN-0515,SYN-0230,Palosena Wenaloma,Palonari Narizari,1998-07-20,1966-06-14,0
train,SYN-0384,SYN-0384,Narinari Wenasena,Wenasena Narinari,,1982-03-10,1
train,SYN-0384,SYN-0486,Wenasena Narinari,Fenakemi Balanari,1981-10-13,1981-10-13,0
train,SYN-0521,SYN-0521,Wenasena Zariwen,Wenasena Zariwena,1971-09-06,1971-09-06,1
train,SYN-0521,SYN-0549,Wenasena Zariwena,Lomakemi Doriloma,,1970-01-13,0
train,SYN-0342,SYN-0342,Senekemi Fenawena,Senakemi Fenawena,1979-10-18,1979-10-18,1
train,SYN-0342,SYN-0259,Fenadori Senawena,Fenadori Senawena,,1967-09-17,0
train,SYN-0577,SYN-0577,Senazari Kemifen,Senazari Kemifena,1983-03-24,1983-03-24,1
train,SYN-0577,SYN-0375,Dorigalo Balapalo,Dorigalo Balapalo,,1980-07-05,0
train,SYN-0129,SYN-0129,Palopalo Baladori,Palopalo Baladori,1978-04-13,1978-04-13,1
train,SYN-0129,SYN-0049,Senafena Balasena,Senafena Balasena,1965-03-03,1965-03-03,0
train,SYN-0560,SYN-0560,Lomafena Galokem,Lomafena Galokemi,1965-04-18,1965-04-18,1
train,SYN-0560,SYN-0100,Lomafena Galokemi,Zarigalo Dorinari,1965-04-18,1986-06-18,0
train,SYN-0539,SYN-0539,Toviwena Kemiwena,Toviwena Kemiwena,1971-01-01,1986-07-15,1
train,SYN-0539,SYN-0025,Fenasena Doriwena,Fenasena Doriwena,1986-07-15,1979-11-17,0
train,SYN-0002,SYN-0002,Naribala Baladori,Naribala Baladori,1973-04-17,1973-04-17,1
train,SYN-0002,SYN-0293,Naridori Galopalo,Naridori Galopalo,,1982-01-14,0
train,SYN-0234,SYN-0234,Senaloma Wenador,Senaloma Wenadori,1986-06-28,1986-06-28,1
train,SYN-0234,SYN-0231,Senaloma Wenadori,Lomawena Kemiloma,,1969-11-16,0
train,SYN-0267,SYN-0267,Kemidori Balaloma,Balaloma Kemidori,1965-10-20,1965-10-20,1
train,SYN-0267,SYN-0588,Kemiloma Dorisena,Kemiloma Dorisena,1989-01-12,1989-01-12,0
train,SYN-0328,SYN-0328,Kemizari Palogalo,Kemizari Palogalo,1999-05-23,1999-05-23,1
train,SYN-0328,SYN-0171,Kemitovi Toviwena,Kemitovi Toviwena,1999-05-23,1991-03-15,0
train,SYN-0187,SYN-0187,Gelopalo Wenakemi,Galopalo Wenakemi,1989-05-22,1989-05-22,1
train,SYN-0187,SYN-0330,Galopalo Wenakemi,Zaripalo Doriwena,1989-05-22,1980-11-12,0
train,SYN-0533,SYN-0533,Zaritovi Wenanari,Zaritovi Wenanari,,1970-10-05,1
train,SYN-0533,SYN-0120,Naripalo Dorinari,Naripalo Dorinari,,1983-11-27,0
train,SYN-0095,SYN-0095,Zarisena Narisena,Zarisena Narisena,1988-03-24,1988-03-24,1
train,SYN-0095,SYN-0085,Tovitovi Wenaloma,Tovitovi Wenaloma,1989-08-15,1989-08-15,0
train,SYN-0006,SYN-0006,Naridori Lomalom,Naridori Lomaloma,,1998-05-26,1
train,SYN-0006,SYN-0111,Naridori Lomaloma,Galowena Doriwena,1998-05-26,1962-01-08,0
train,SYN-0199,SYN-0199,Fenakemi Senakemi,Senakemi Fenakemi,,1990-05-24,1
train,SYN-0199,SYN-0527,Senakemi Fenakemi,Senakemi Fenapalo,1990-05-24,1996-12-25,0
train,SYN-0372,SYN-0372,Kemiwena Tovitovi,Kemiwena Tovitovi,,1974-12-02,1
train,SYN-0372,SYN-0132,Zaripalo Kemikemi,Zaripalo Kemikemi,1976-04-04,1976-04-04,0
train,SYN-0530,SYN-0530,Naridori Zariwena,Naridori Zariwena,1975-05-28,1975-05-28,1
train,SYN-0530,SYN-0468,Galotovi Nariwena,Galotovi Nariwena,,1994-06-13,0
train,SYN-0596,SYN-0596,Tovidori Senafena,Tovidori Senafena,2000-07-03,2000-07-03,1
train,SYN-0596,SYN-0325,Tovidori Senafena,Palodori Tovifena,,1993-06-13,0
train,SYN-0261,SYN-0261,Fenakemi Galofen,Fenakemi Galofena,1998-03-25,1998-03-25,1
train,SYN-0261,SYN-0402,Balakemi Narigalo,Balakemi Narigalo,,1988-05-11,0
train,SYN-0036,SYN-0036,Senegalo Kemiwena,Senagalo Kemiwena,1991-04-18,1991-04-18,1
train,SYN-0036,SYN-0137,Balabala Senakemi,Balabala Senakemi,,1968-11-28,0
train,SYN-0450,SYN-0450,Fenafena Zariloma,Zariloma Fenafena,1994-08-06,1994-08-06,1
train,SYN-0450,SYN-0084,Zariloma Fenafena,Senabala Kemikemi,1994-08-06,1973-07-26,0
train,SYN-0385,SYN-0385,Belakemi Zaridori,Balakemi Zaridori,,1982-08-21,1
train,SYN-0385,SYN-0368,Balakemi Zaridori,Tovizari Kemitovi,,1981-09-27,0
train,SYN-0437,SYN-0437,Doripalo Lomadori,Doripalo Lomadori,1994-12-27,1994-12-27,1
train,SYN-0437,SYN-0572,Toviwena Wenawena,Toviwena Wenawena,1994-12-27,1964-05-23,0
train,SYN-0499,SYN-0499,Belatovi Wenawena,Balatovi Wenawena,1985-06-26,1985-06-26,1
train,SYN-0499,SYN-0082,Kemisena Fenagalo,Kemisena Fenagalo,1985-06-26,1986-11-13,0
train,SYN-0449,SYN-0449,Palozari Wenazari,Palozari Wenazari,1991-08-06,1991-08-06,1
train,SYN-0449,SYN-0238,Palozari Wenazari,Kemitovi Galonari,1991-08-06,1995-10-20,0
train,SYN-0558,SYN-0558,Fenanari Toviwena,Fenanari Toviwena,1971-01-01,1988-04-03,1
train,SYN-0558,SYN-0055,Fenanari Toviwena,Palotovi Tovidori,1964-09-07,1964-09-07,0
train,SYN-0098,SYN-0098,Zerikemi Galokemi,Zarikemi Galokemi,1981-06-18,1981-06-18,1
train,SYN-0098,SYN-0522,Palokemi Fenafena,Palokemi Fenafena,,1980-08-20,0
train,SYN-0333,SYN-0333,Galodori Lomasena,Lomasena Galodori,1972-03-08,1972-03-08,1
train,SYN-0333,SYN-0196,Wenawena Balakemi,Wenawena Balakemi,1972-03-08,1988-01-19,0
train,SYN-0589,SYN-0589,Gelokemi Tovikemi,Galokemi Tovikemi,,1999-04-15,1
train,SYN-0589,SYN-0549,Galokemi Tovikemi,Lomakemi Doriloma,1999-04-15,1970-01-13,0
train,SYN-0215,SYN-0215,Fenatovi Galodori,Fenatovi Galodori,1995-04-19,1995-04-19,1
train,SYN-0215,SYN-0187,Fenatovi Galodori,Galopalo Wenakemi,,1989-05-22,0
train,SYN-0203,SYN-0203,Wenazari Wenakem,Wenazari Wenakemi,1997-07-27,1997-07-27,1
train,SYN-0203,SYN-0243,Zarisena Galonari,Zarisena Galonari,1986-08-11,1986-08-11,0
train,SYN-0073,SYN-0073,Galonari Lomakemi,Galonari Lomakemi,1964-05-12,1964-05-12,1
train,SYN-0073,SYN-0276,Galonari Lomakemi,Wenatovi Fenaloma,1964-05-12,1965-10-22,0
train,SYN-0148,SYN-0148,Zerikemi Zaripalo,Zarikemi Zaripalo,1964-11-08,1964-11-08,1
train,SYN-0148,SYN-0082,Zarikemi Zaripalo,Kemisena Fenagalo,1964-11-08,1986-11-13,0
train,SYN-0594,SYN-0594,Belafena Zarikemi,Balafena Zarikemi,1965-01-08,1965-01-08,1
train,SYN-0594,SYN-0349,Dorizari Balafena,Dorizari Balafena,1965-01-08,1988-07-16,0
train,SYN-0268,SYN-0268,Palotovi Senanari,Senanari Palotovi,1995-12-02,1995-12-02,1
train,SYN-0268,SYN-0593,Senanari Palotovi,Kemidori Galosena,,1975-07-16,0
train,SYN-0272,SYN-0272,Palopalo Senasena,Palopalo Senasena,1971-01-01,1999-03-12,1
train,SYN-0272,SYN-0053,Wenazari Lomagalo,Wenazari Lomagalo,,1976-07-05,0
train,SYN-0145,SYN-0145,Gelowena Galokemi,Galowena Galokemi,,1965-03-08,1
train,SYN-0145,SYN-0449,Palozari Wenazari,Palozari Wenazari,1965-03-08,1991-08-06,0
train,SYN-0253,SYN-0253,Wenaloma Dorinari,Wenaloma Dorinari,1962-07-01,1962-07-01,1
train,SYN-0253,SYN-0250,Balagalo Kemigalo,Balagalo Kemigalo,1962-07-01,1968-05-10,0
train,SYN-0513,SYN-0513,Zaridori Tovidor,Zaridori Tovidori,1994-03-12,1994-03-12,1
train,SYN-0513,SYN-0153,Zaridori Tovidori,Senapalo Palodori,1994-03-12,1998-01-14,0
train,SYN-0106,SYN-0106,Palofena Tovisena,Palofena Tovisena,,1961-07-19,1
train,SYN-0106,SYN-0363,Toviwena Tovidori,Toviwena Tovidori,1968-02-13,1968-02-13,0
train,SYN-0418,SYN-0418,Narifena Fenawen,Narifena Fenawena,1986-06-13,1986-06-13,1
train,SYN-0418,SYN-0218,Balafena Balaloma,Balafena Balaloma,1986-06-13,1975-10-11,0
train,SYN-0204,SYN-0204,Weneloma Doriwena,Wenaloma Doriwena,1974-08-01,1974-08-01,1
train,SYN-0204,SYN-0330,Zaripalo Doriwena,Zaripalo Doriwena,,1980-11-12,0
train,SYN-0599,SYN-0599,Kemigelo Dorigalo,Kemigalo Dorigalo,1968-10-04,1968-10-04,1
train,SYN-0599,SYN-0440,Kemigalo Dorigalo,Galoloma Kemibala,1968-10-04,1973-04-24,0
train,SYN-0210,SYN-0210,Doripelo Tovinari,Doripalo Tovinari,,1977-01-23,1
train,SYN-0210,SYN-0260,Doripalo Tovinari,Galoloma Lomazari,,1969-04-04,0
train,SYN-0003,SYN-0003,Tovibala Senagal,Tovibala Senagalo,1994-07-08,1994-07-08,1
train,SYN-0003,SYN-0480,Tovibala Senagalo,Lomanari Balakemi,1994-07-08,1986-07-25,0
train,SYN-0117,SYN-0117,Dorizari Wenagalo,Wenagalo Dorizari,1979-11-20,1979-11-20,1
train,SYN-0117,SYN-0451,Wenagalo Dorizari,Senawena Balasena,1979-11-20,1962-02-27,0
train,SYN-0205,SYN-0205,Tovisene Lomatovi,Tovisena Lomatovi,1974-11-03,1974-11-03,1
train,SYN-0205,SYN-0141,Tovisena Lomatovi,Balafena Fenatovi,,1979-02-08,0
train,SYN-0070,SYN-0070,Nariwena Zarigal,Nariwena Zarigalo,,1977-03-26,1
train,SYN-0070,SYN-0499,Nariwena Zarigalo,Balatovi Wenawena,1977-03-26,1985-06-26,0
train,SYN-0373,SYN-0373,Tovipelo Fenasena,Tovipalo Fenasena,2000-12-20,2000-12-20,1
train,SYN-0373,SYN-0440,Galoloma Kemibala,Galoloma Kemibala,,1973-04-24,0
train,SYN-0208,SYN-0208,Senafena Naripal,Senafena Naripalo,1983-11-24,1983-11-24,1
train,SYN-0208,SYN-0534,Senafena Naripalo,Galogalo Balatovi,1982-09-09,1982-09-09,0
train,SYN-0498,SYN-0498,Wenaloma Galowena,Galowena Wenaloma,,1970-11-20,1
train,SYN-0498,SYN-0105,Palobala Nariloma,Palobala Nariloma,1970-11-20,1985-12-06,0
train,SYN-0142,SYN-0142,Naritovi Dorisena,Dorisena Naritovi,,1998-10-08,1
train,SYN-0142,SYN-0354,Dorisena Naritovi,Keminari Tovinari,,1975-03-27,0
train,SYN-0237,SYN-0237,Palogalo Dorilom,Palogalo Doriloma,1995-06-04,1995-06-04,1
train,SYN-0237,SYN-0457,Senazari Wenanari,Senazari Wenanari,,1971-02-04,0
train,SYN-0547,SYN-0547,Fenepalo Palobala,Fenapalo Palobala,1987-04-23,1987-04-23,1
train,SYN-0547,SYN-0067,Balaloma Galowena,Balaloma Galowena,1987-04-23,1975-11-04,0
train,SYN-0480,SYN-0480,Lomanari Balakemi,Lomanari Balakemi,,1986-07-25,1
train,SYN-0480,SYN-0331,Zaridori Senasena,Zaridori Senasena,1986-07-25,1978-05-28,0
train,SYN-0465,SYN-0465,Palokemi Baladori,Palokemi Baladori,1977-09-19,1977-09-19,1
train,SYN-0465,SYN-0117,Palokemi Baladori,Wenagalo Dorizari,,1979-11-20,0
train,SYN-0407,SYN-0407,Palozari Palofena,Palofena Palozari,1998-06-14,1998-06-14,1
train,SYN-0407,SYN-0450,Zariloma Fenafena,Zariloma Fenafena,1994-08-06,1994-08-06,0
train,SYN-0275,SYN-0275,Senawena Narikem,Senawena Narikemi,,1976-12-28,1
train,SYN-0275,SYN-0359,Senawena Narikemi,Palokemi Senabala,1976-12-28,1966-07-05,0
train,SYN-0393,SYN-0393,Zerizari Balafena,Zarizari Balafena,,1986-03-02,1
train,SYN-0393,SYN-0145,Galowena Galokemi,Galowena Galokemi,1986-03-02,1965-03-08,0
train,SYN-0160,SYN-0160,Palodori Lomakem,Palodori Lomakemi,1980-02-25,1980-02-25,1
train,SYN-0160,SYN-0137,Balabala Senakemi,Balabala Senakemi,1980-02-25,1968-11-28,0
train,SYN-0283,SYN-0283,Zarisena Balawena,Zarisena Balawena,1971-01-01,1981-10-05,1
train,SYN-0283,SYN-0224,Doripalo Zaripalo,Doripalo Zaripalo,1981-10-05,1964-02-11,0
train,SYN-0111,SYN-0111,Gelowena Doriwena,Galowena Doriwena,,1962-01-08,1
train,SYN-0111,SYN-0449,Palozari Wenazari,Palozari Wenazari,,1991-08-06,0
train,SYN-0500,SYN-0500,Neridori Baladori,Naridori Baladori,,1976-04-17,1
train,SYN-0500,SYN-0401,Wenadori Fenafena,Wenadori Fenafena,,1990-06-08,0
train,SYN-0196,SYN-0196,Balakemi Wenawena,Wenawena Balakemi,,1988-01-19,1
train,SYN-0196,SYN-0061,Galowena Wenakemi,Galowena Wenakemi,,1992-08-09,0
train,SYN-0598,SYN-0598,Kemiloma Narizari,Kemiloma Narizari,1980-06-15,1980-06-15,1
train,SYN-0598,SYN-0344,Fenawena Tovizari,Fenawena Tovizari,1998-06-27,1998-06-27,0
train,SYN-0442,SYN-0442,Narigalo Senaloma,Narigalo Senaloma,1978-07-15,1978-07-15,1
train,SYN-0442,SYN-0582,Wenazari Dorigalo,Wenazari Dorigalo,1978-07-15,1992-01-02,0
train,SYN-0032,SYN-0032,Wenaloma Nariwena,Nariwena Wenaloma,,1988-09-15,1
train,SYN-0032,SYN-0209,Zarisena Naritovi,Zarisena Naritovi,1969-07-21,1969-07-21,0
train,SYN-0260,SYN-0260,Galoloma Lomazari,Galoloma Lomazari,1969-04-04,1969-04-04,1
train,SYN-0260,SYN-0199,Senakemi Fenakemi,Senakemi Fenakemi,,1990-05-24,0
train,SYN-0054,SYN-0054,Kemipalo Wenawena,Wenawena Kemipalo,,1980-02-01,1
train,SYN-0054,SYN-0156,Fenapalo Senawena,Fenapalo Senawena,1980-02-01,1988-05-06,0
train,SYN-0042,SYN-0042,Kemipelo Galodori,Kemipalo Galodori,1988-09-04,1988-09-04,1
train,SYN-0042,SYN-0134,Kemipalo Galodori,Galogalo Zaripalo,,1977-12-19,0
train,SYN-0264,SYN-0264,Toviloma Wenaloma,Toviloma Wenaloma,1969-08-03,1969-08-03,1
train,SYN-0264,SYN-0155,Toviloma Wenaloma,Wenatovi Tovibala,,1977-10-02,0
train,SYN-0233,SYN-0233,Zariloma Fenasena,Zariloma Fenasena,,1963-10-18,1
train,SYN-0233,SYN-0589,Galokemi Tovikemi,Galokemi Tovikemi,,1999-04-15,0
train,SYN-0402,SYN-0402,Narigalo Balakemi,Balakemi Narigalo,1988-05-11,1988-05-11,1
train,SYN-0402,SYN-0576,Fenazari Balafena,Fenazari Balafena,,1991-06-17,0
train,SYN-0489,SYN-0489,Nariloma Kemizar,Nariloma Kemizari,2000-08-19,2000-08-19,1
train,SYN-0489,SYN-0283,Nariloma Kemizari,Zarisena Balawena,2000-08-19,1981-10-05,0
train,SYN-0423,SYN-0423,Fenakemi Paloloma,Paloloma Fenakemi,1972-12-25,1972-12-25,1
train,SYN-0423,SYN-0522,Paloloma Fenakemi,Palokemi Fenafena,,1980-08-20,0
train,SYN-0291,SYN-0291,Lomesena Dorizari,Lomasena Dorizari,1993-02-10,1993-02-10,1
train,SYN-0291,SYN-0353,Dorikemi Palogalo,Dorikemi Palogalo,1993-02-10,1969-02-02,0
train,SYN-0544,SYN-0544,Gelopalo Kemiloma,Galopalo Kemiloma,1978-06-18,1978-06-18,1
train,SYN-0544,SYN-0068,Lomasena Naritovi,Lomasena Naritovi,1978-06-18,1969-04-28,0
train,SYN-0132,SYN-0132,Zaripalo Kemikem,Zaripalo Kemikemi,1976-04-04,1976-04-04,1
train,SYN-0132,SYN-0099,Dorifena Fenagalo,Dorifena Fenagalo,1976-04-04,1984-12-05,0
train,SYN-0250,SYN-0250,Balagalo Kemigal,Balagalo Kemigalo,,1968-05-10,1
train,SYN-0250,SYN-0513,Balagalo Kemigalo,Zaridori Tovidori,1968-05-10,1994-03-12,0
train,SYN-0128,SYN-0128,Naripalo Senagalo,Naripalo Senagalo,1990-11-23,1990-11-23,1
train,SYN-0128,SYN-0211,Naripalo Senagalo,Lomagalo Palopalo,,1975-06-04,0
train,SYN-0008,SYN-0008,Wenatovi Senakemi,Senakemi Wenatovi,1983-10-07,1983-10-07,1
train,SYN-0008,SYN-0060,Fenakemi Kemitovi,Fenakemi Kemitovi,1983-10-07,1973-12-11,0
train,SYN-0369,SYN-0369,Senasena Palozar,Senasena Palozari,1996-05-16,1996-05-16,1
train,SYN-0369,SYN-0504,Doridori Zarifena,Doridori Zarifena,1982-05-11,1982-05-11,0
train,SYN-0439,SYN-0439,Tovizari Dorigalo,Dorigalo Tovizari,1995-04-16,1995-04-16,1
train,SYN-0439,SYN-0582,Wenazari Dorigalo,Wenazari Dorigalo,,1992-01-02,0
train,SYN-0020,SYN-0020,Baladori Fenawena,Baladori Fenawena,1970-11-14,1970-11-14,1
train,SYN-0020,SYN-0426,Wenazari Balagalo,Wenazari Balagalo,1970-11-14,1962-07-15,0
train,SYN-0591,SYN-0591,Balagalo Balanari,Balanari Balagalo,,1994-06-21,1
train,SYN-0591,SYN-0045,Naribala Narikemi,Naribala Narikemi,,1989-05-14,0
train,SYN-0470,SYN-0470,Dorinari Lomabala,Lomabala Dorinari,1974-02-11,1974-02-11,1
train,SYN-0470,SYN-0484,Lomabala Dorinari,Kemipalo Doriloma,,1976-04-24,0
train,SYN-0060,SYN-0060,Fenekemi Kemitovi,Fenakemi Kemitovi,1973-12-11,1973-12-11,1
train,SYN-0060,SYN-0599,Kemigalo Dorigalo,Kemigalo Dorigalo,1968-10-04,1968-10-04,0
train,SYN-0146,SYN-0146,Dorifena Fenasena,Fenasena Dorifena,1960-07-15,1960-07-15,1
train,SYN-0146,SYN-0387,Senazari Kemifena,Senazari Kemifena,1960-07-15,1966-10-24,0
train,SYN-0345,SYN-0345,Tovibala Balador,Tovibala Baladori,1962-11-25,1962-11-25,1
train,SYN-0345,SYN-0243,Tovibala Baladori,Zarisena Galonari,1962-11-25,1986-08-11,0
train,SYN-0298,SYN-0298,Balakemi Galofena,Balakemi Galofena,1995-12-20,1995-12-20,1
train,SYN-0298,SYN-0326,Lomawena Kemigalo,Lomawena Kemigalo,1995-12-20,1967-01-24,0
train,SYN-0137,SYN-0137,Balabala Senakemi,Balabala Senakemi,1968-11-28,1968-11-28,1
train,SYN-0137,SYN-0343,Balabala Senakemi,Dorisena Wenafena,1968-11-28,1997-10-05,0
train,SYN-0330,SYN-0330,Zaripalo Doriwena,Zaripalo Doriwena,1980-11-12,1980-11-12,1
train,SYN-0330,SYN-0187,Galopalo Wenakemi,Galopalo Wenakemi,1989-05-22,1989-05-22,0
train,SYN-0590,SYN-0590,Lometovi Palogalo,Lomatovi Palogalo,1994-04-05,1994-04-05,1
train,SYN-0590,SYN-0137,Balabala Senakemi,Balabala Senakemi,,1968-11-28,0
train,SYN-0240,SYN-0240,Balafena Zarikemi,Zarikemi Balafena,1977-12-25,1977-12-25,1
train,SYN-0240,SYN-0204,Wenaloma Doriwena,Wenaloma Doriwena,,1974-08-01,0
train,SYN-0379,SYN-0379,Fenepalo Senaloma,Fenapalo Senaloma,,1994-06-22,1
train,SYN-0379,SYN-0016,Fenapalo Senaloma,Zariloma Galowena,1994-06-22,1991-07-21,0
train,SYN-0141,SYN-0141,Balafena Fenatov,Balafena Fenatovi,,1979-02-08,1
train,SYN-0141,SYN-0351,Zariloma Zariloma,Zariloma Zariloma,1979-02-08,1985-03-25,0
train,SYN-0058,SYN-0058,Wenasena Balawen,Wenasena Balawena,,1995-05-22,1
train,SYN-0058,SYN-0280,Wenanari Senaloma,Wenanari Senaloma,1995-05-22,1961-06-10,0
train,SYN-0263,SYN-0263,Tovitovi Pelowena,Tovitovi Palowena,1996-11-21,1996-11-21,1
train,SYN-0263,SYN-0016,Tovitovi Palowena,Zariloma Galowena,,1991-07-21,0
train,SYN-0316,SYN-0316,Dorizeri Naridori,Dorizari Naridori,,1987-10-27,1
train,SYN-0316,SYN-0439,Dorigalo Tovizari,Dorigalo Tovizari,1995-04-16,1995-04-16,0
train,SYN-0258,SYN-0258,Nerikemi Zariloma,Narikemi Zariloma,1974-06-25,1974-06-25,1
train,SYN-0258,SYN-0242,Narikemi Zariloma,Wenanari Dorifena,2000-01-03,2000-01-03,0
train,SYN-0484,SYN-0484,Doriloma Kemipalo,Kemipalo Doriloma,1976-04-24,1976-04-24,1
train,SYN-0484,SYN-0324,Balatovi Fenawena,Balatovi Fenawena,1988-06-12,1988-06-12,0
train,SYN-0206,SYN-0206,Wenapalo Zarikem,Wenapalo Zarikemi,,1986-02-05,1
train,SYN-0206,SYN-0511,Naribala Zaritovi,Naribala Zaritovi,1986-02-05,1972-08-19,0
train,SYN-0445,SYN-0445,Lomaloma Naribala,Lomaloma Naribala,1996-04-24,1996-04-24,1
train,SYN-0445,SYN-0492,Senabala Zaripalo,Senabala Zaripalo,1996-04-24,1973-08-26,0
train,SYN-0334,SYN-0334,Palobala Lomasen,Palobala Lomasena,,1996-06-15,1
train,SYN-0334,SYN-0026,Tovigalo Fenaloma,Tovigalo Fenaloma,1996-06-15,1970-09-25,0
train,SYN-0021,SYN-0021,Tovidori Narinari,Tovidori Narinari,1998-08-17,1998-08-17,1
train,SYN-0021,SYN-0370,Balaloma Lomawena,Balaloma Lomawena,1967-07-19,1967-07-19,0
train,SYN-0323,SYN-0323,Dorigalo Wenalom,Dorigalo Wenaloma,1983-07-19,1983-07-19,1
train,SYN-0323,SYN-0078,Zarinari Balasena,Zarinari Balasena,1994-11-24,1994-11-24,0
train,SYN-0170,SYN-0170,Neriloma Senakemi,Nariloma Senakemi,1960-05-24,1960-05-24,1
train,SYN-0170,SYN-0118,Nariloma Senakemi,Doritovi Balaloma,,1994-07-22,0
train,SYN-0568,SYN-0568,Belabala Narisena,Balabala Narisena,,1978-11-23,1
train,SYN-0568,SYN-0210,Doripalo Tovinari,Doripalo Tovinari,1978-11-23,1977-01-23,0
train,SYN-0296,SYN-0296,Lomafena Fenabala,Lomafena Fenabala,1978-08-23,1978-08-23,1
train,SYN-0296,SYN-0002,Naribala Baladori,Naribala Baladori,1978-08-23,1973-04-17,0
train,SYN-0507,SYN-0507,Doribala Balazari,Balazari Doribala,1971-01-01,1981-11-04,1
train,SYN-0507,SYN-0211,Balazari Doribala,Lomagalo Palopalo,1981-11-04,1975-06-04,0
train,SYN-0347,SYN-0347,Palowena Wenabala,Wenabala Palowena,,1994-05-21,1
train,SYN-0347,SYN-0210,Doripalo Tovinari,Doripalo Tovinari,,1977-01-23,0
train,SYN-0493,SYN-0493,Kemizari Dorinar,Kemizari Dorinari,,1991-03-21,1
train,SYN-0493,SYN-0036,Senagalo Kemiwena,Senagalo Kemiwena,1991-03-21,1991-04-18,0
train,SYN-0068,SYN-0068,Naritovi Lomasena,Lomasena Naritovi,1969-04-28,1969-04-28,1
train,SYN-0068,SYN-0517,Fenawena Zarikemi,Fenawena Zarikemi,,1999-10-03,0
train,SYN-0320,SYN-0320,Lometovi Narikemi,Lomatovi Narikemi,,2000-01-03,1
train,SYN-0320,SYN-0359,Palokemi Senabala,Palokemi Senabala,2000-01-03,1966-07-05,0
train,SYN-0057,SYN-0057,Kemifene Palosena,Kemifena Palosena,1971-01-01,1979-10-26,1
train,SYN-0057,SYN-0228,Zaridori Wenawena,Zaridori Wenawena,1979-10-26,1995-12-28,0
train,SYN-0307,SYN-0307,Galozari Doriloma,Doriloma Galozari,2000-02-25,2000-02-25,1
train,SYN-0307,SYN-0468,Galotovi Nariwena,Galotovi Nariwena,1994-06-13,1994-06-13,0
train,SYN-0595,SYN-0595,Senanari Zariloma,Senanari Zariloma,1989-12-03,1989-12-03,1
train,SYN-0595,SYN-0446,Fenabala Kemisena,Fenabala Kemisena,,1997-10-24,0
train,SYN-0476,SYN-0476,Lomaloma Doridori,Lomaloma Doridori,1971-01-01,1960-05-15,1
train,SYN-0476,SYN-0375,Dorigalo Balapalo,Dorigalo Balapalo,,1980-07-05,0
train,SYN-0440,SYN-0440,Geloloma Kemibala,Galoloma Kemibala,1973-04-24,1973-04-24,1
train,SYN-0440,SYN-0470,Galoloma Kemibala,Lomabala Dorinari,,1974-02-11,0
train,SYN-0401,SYN-0401,Wenedori Fenafena,Wenadori Fenafena,,1990-06-08,1
train,SYN-0401,SYN-0345,Wenadori Fenafena,Tovibala Baladori,1962-11-25,1962-11-25,0
train,SYN-0368,SYN-0368,Tovizari Kemitov,Tovizari Kemitovi,1981-09-27,1981-09-27,1
train,SYN-0368,SYN-0323,Tovizari Kemitovi,Dorigalo Wenaloma,,1983-07-19,0
train,SYN-0239,SYN-0239,Wenawena Senabal,Wenawena Senabala,,1998-11-27,1
train,SYN-0239,SYN-0276,Wenawena Senabala,Wenatovi Fenaloma,,1965-10-22,0
train,SYN-0238,SYN-0238,Kemitovi Galonar,Kemitovi Galonari,1995-10-20,1995-10-20,1
train,SYN-0238,SYN-0471,Kemitovi Galonari,Tovitovi Tovinari,,1980-01-21,0
train,SYN-0438,SYN-0438,Keminari Galobala,Galobala Keminari,1998-10-02,1998-10-02,1
train,SYN-0438,SYN-0040,Wenadori Balanari,Wenadori Balanari,,1981-02-08,0
train,SYN-0226,SYN-0226,Zariloma Tovisena,Tovisena Zariloma,1984-10-17,1984-10-17,1
train,SYN-0226,SYN-0316,Tovisena Zariloma,Dorizari Naridori,1984-10-17,1987-10-27,0
train,SYN-0542,SYN-0542,Zeridori Zaripalo,Zaridori Zaripalo,,2000-11-23,1
train,SYN-0542,SYN-0419,Palonari Naridori,Palonari Naridori,2000-11-23,1994-03-21,0
train,SYN-0292,SYN-0292,Dorifene Kemipalo,Dorifena Kemipalo,1992-03-27,1992-03-27,1
train,SYN-0292,SYN-0468,Galotovi Nariwena,Galotovi Nariwena,1992-03-27,1994-06-13,0
train,SYN-0099,SYN-0099,Dorifena Fenagalo,Dorifena Fenagalo,,1984-12-05,1
train,SYN-0099,SYN-0139,Dorifena Fenagalo,Paloloma Fenabala,1984-12-05,1976-08-04,0
train,SYN-0139,SYN-0139,Paloloma Fenabala,Paloloma Fenabala,1976-08-04,1976-08-04,1
train,SYN-0139,SYN-0577,Senazari Kemifena,Senazari Kemifena,,1983-03-24,0
train,SYN-0486,SYN-0486,Fenekemi Balanari,Fenakemi Balanari,1981-10-13,1981-10-13,1
train,SYN-0486,SYN-0397,Fenakemi Balanari,Kemigalo Doriloma,,1970-12-15,0
train,SYN-0023,SYN-0023,Kemiwena Lomadori,Kemiwena Lomadori,1978-07-06,1978-07-06,1
train,SYN-0023,SYN-0547,Kemiwena Lomadori,Fenapalo Palobala,1978-07-06,1987-04-23,0
train,SYN-0067,SYN-0067,Galowena Balaloma,Balaloma Galowena,1975-11-04,1975-11-04,1
train,SYN-0067,SYN-0070,Nariwena Zarigalo,Nariwena Zarigalo,1975-11-04,1977-03-26,0
train,SYN-0282,SYN-0282,Kemidori Fenadori,Fenadori Kemidori,1992-09-27,1992-09-27,1
train,SYN-0282,SYN-0134,Fenadori Kemidori,Galogalo Zaripalo,1977-12-19,1977-12-19,0
train,SYN-0229,SYN-0229,Palogalo Galonari,Galonari Palogalo,1986-06-27,1986-06-27,1
train,SYN-0229,SYN-0024,Galonari Palogalo,Palobala Zarizari,1976-09-25,1976-09-25,0
train,SYN-0540,SYN-0540,Doriwene Dorinari,Doriwena Dorinari,1992-12-09,1992-12-09,1
train,SYN-0540,SYN-0390,Doriwena Fenabala,Doriwena Fenabala,,1995-03-14,0
train,SYN-0120,SYN-0120,Naripalo Dorinar,Naripalo Dorinari,1983-11-27,1983-11-27,1
train,SYN-0120,SYN-0492,Naripalo Dorinari,Senabala Zaripalo,1973-08-26,1973-08-26,0
train,SYN-0101,SYN-0101,Palonari Balagal,Palonari Balagalo,1986-07-25,1986-07-25,1
train,SYN-0101,SYN-0048,Lomabala Balatovi,Lomabala Balatovi,1986-07-25,1990-09-28,0
train,SYN-0356,SYN-0356,Senapalo Palokem,Senapalo Palokemi,1991-01-03,1991-01-03,1
train,SYN-0356,SYN-0237,Senapalo Palokemi,Palogalo Doriloma,1991-01-03,1995-06-04,0
train,SYN-0394,SYN-0394,Fenazari Naripalo,Naripalo Fenazari,,1978-01-01,1
train,SYN-0394,SYN-0055,Palotovi Tovidori,Palotovi Tovidori,1978-01-01,1964-09-07,0
train,SYN-0561,SYN-0561,Tovitovi Zaritov,Tovitovi Zaritovi,1978-12-01,1978-12-01,1
train,SYN-0561,SYN-0491,Tovitovi Zaritovi,Tovigalo Tovisena,1978-12-01,1971-11-25,0
train,SYN-0216,SYN-0216,Galogalo Lomafen,Galogalo Lomafena,,1998-01-09,1
train,SYN-0216,SYN-0155,Wenatovi Tovibala,Wenatovi Tovibala,1998-01-09,1977-10-02,0
train,SYN-0274,SYN-0274,Balawena Wenaloma,Balawena Wenaloma,,1964-06-04,1
train,SYN-0274,SYN-0419,Balawena Wenaloma,Palonari Naridori,1994-03-21,1994-03-21,0
train,SYN-0580,SYN-0580,Senaloma Palopalo,Palopalo Senaloma,1963-08-28,1963-08-28,1
train,SYN-0580,SYN-0209,Palopalo Senaloma,Zarisena Naritovi,1963-08-28,1969-07-21,0
train,SYN-0149,SYN-0149,Kemiwena Toviwen,Kemiwena Toviwena,1972-07-04,1972-07-04,1
train,SYN-0149,SYN-0058,Wenasena Balawena,Wenasena Balawena,,1995-05-22,0
train,SYN-0297,SYN-0297,Fenezari Palopalo,Fenazari Palopalo,1999-01-03,1999-01-03,1
train,SYN-0297,SYN-0317,Fenasena Kemiloma,Fenasena Kemiloma,1966-02-11,1966-02-11,0
train,SYN-0572,SYN-0572,Wenawena Toviwena,Toviwena Wenawena,1971-01-01,1964-05-23,1
train,SYN-0572,SYN-0350,Toviwena Wenawena,Palogalo Lomatovi,1964-05-23,1969-06-28,0
train,SYN-0482,SYN-0482,Fenafena Wenanari,Wenanari Fenafena,,1977-05-09,1
train,SYN-0482,SYN-0586,Wenanari Fenafena,Lomadori Senawena,1977-05-09,1963-03-08,0
train,SYN-0459,SYN-0459,Lomakemi Naridor,Lomakemi Naridori,1983-07-15,1983-07-15,1
train,SYN-0459,SYN-0233,Lomakemi Naridori,Zariloma Fenasena,,1963-10-18,0
train,SYN-0509,SYN-0509,Feneloma Senanari,Fenaloma Senanari,1989-04-26,1989-04-26,1
train,SYN-0509,SYN-0323,Fenaloma Senanari,Dorigalo Wenaloma,1983-07-19,1983-07-19,0
train,SYN-0581,SYN-0581,Lomafena Tovifena,Tovifena Lomafena,1976-02-19,1976-02-19,1
train,SYN-0581,SYN-0517,Fenawena Zarikemi,Fenawena Zarikemi,,1999-10-03,0
train,SYN-0304,SYN-0304,Senaloma Wenadori,Wenadori Senaloma,,1964-09-18,1
train,SYN-0304,SYN-0024,Palobala Zarizari,Palobala Zarizari,1976-09-25,1976-09-25,0
train,SYN-0044,SYN-0044,Neripalo Palogalo,Naripalo Palogalo,1985-01-06,1985-01-06,1
train,SYN-0044,SYN-0036,Senagalo Kemiwena,Senagalo Kemiwena,1985-01-06,1991-04-18,0
train,SYN-0218,SYN-0218,Balafena Balalom,Balafena Balaloma,1975-10-11,1975-10-11,1
train,SYN-0218,SYN-0451,Senawena Balasena,Senawena Balasena,1975-10-11,1962-02-27,0
train,SYN-0001,SYN-0001,Fenazari Doriwen,Fenazari Doriwena,1994-02-19,1994-02-19,1
train,SYN-0001,SYN-0100,Zarigalo Dorinari,Zarigalo Dorinari,1994-02-19,1986-06-18,0
train,SYN-0184,SYN-0184,Lomaloma Narifen,Lomaloma Narifena,1975-09-14,1975-09-14,1
train,SYN-0184,SYN-0316,Dorizari Naridori,Dorizari Naridori,1975-09-14,1987-10-27,0
train,SYN-0284,SYN-0284,Tovinari Fenafen,Tovinari Fenafena,,1971-12-25,1
train,SYN-0284,SYN-0073,Galonari Lomakemi,Galonari Lomakemi,,1964-05-12,0
train,SYN-0078,SYN-0078,Zerinari Balasena,Zarinari Balasena,1994-11-24,1994-11-24,1
train,SYN-0078,SYN-0275,Senawena Narikemi,Senawena Narikemi,1994-11-24,1976-12-28,0
train,SYN-0517,SYN-0517,Zarikemi Fenawena,Fenawena Zarikemi,1999-10-03,1999-10-03,1
train,SYN-0517,SYN-0283,Fenawena Zarikemi,Zarisena Balawena,1999-10-03,1981-10-05,0
train,SYN-0201,SYN-0201,Wenanari Wenazari,Wenazari Wenanari,1995-06-03,1995-06-03,1
train,SYN-0201,SYN-0197,Lomazari Fenadori,Lomazari Fenadori,1995-06-03,1978-06-24,0
train,SYN-0025,SYN-0025,Fenasena Doriwena,Fenasena Doriwena,1979-11-17,1979-11-17,1
train,SYN-0025,SYN-0555,Fenasena Doriwena,Lomakemi Fenanari,1979-11-17,1968-11-22,0
train,SYN-0049,SYN-0049,Senefena Balasena,Senafena Balasena,1971-01-01,1965-03-03,1
train,SYN-0049,SYN-0350,Senafena Balasena,Palogalo Lomatovi,1965-03-03,1969-06-28,0
train,SYN-0341,SYN-0341,Lomesena Kemidori,Lomasena Kemidori,,1976-04-21,1
train,SYN-0341,SYN-0130,Zarigalo Kemiwena,Zarigalo Kemiwena,1976-04-21,1997-06-16,0
train,SYN-0522,SYN-0522,Palokemi Fenafen,Palokemi Fenafena,1980-08-20,1980-08-20,1
train,SYN-0522,SYN-0017,Palofena Kemifena,Palofena Kemifena,,1975-12-18,0
train,SYN-0144,SYN-0144,Kemitovi Tovibela,Kemitovi Tovibala,1999-12-04,1999-12-04,1
train,SYN-0144,SYN-0428,Galozari Toviloma,Galozari Toviloma,1996-10-25,1996-10-25,0
train,SYN-0331,SYN-0331,Zeridori Senasena,Zaridori Senasena,,1978-05-28,1
train,SYN-0331,SYN-0118,Doritovi Balaloma,Doritovi Balaloma,,1994-07-22,0
train,SYN-0276,SYN-0276,Fenaloma Wenatovi,Wenatovi Fenaloma,1971-01-01,1965-10-22,1
train,SYN-0276,SYN-0540,Wenatovi Fenaloma,Doriwena Dorinari,,1992-12-09,0
train,SYN-0209,SYN-0209,Zarisena Naritovi,Zarisena Naritovi,1969-07-21,1969-07-21,1
train,SYN-0209,SYN-0480,Lomanari Balakemi,Lomanari Balakemi,1969-07-21,1986-07-25,0
train,SYN-0097,SYN-0097,Senapalo Wenagal,Senapalo Wenagalo,1971-01-01,1977-08-03,1
train,SYN-0097,SYN-0470,Senapalo Wenagalo,Lomabala Dorinari,,1974-02-11,0
train,SYN-0105,SYN-0105,Nariloma Palobala,Palobala Nariloma,1985-12-06,1985-12-06,1
train,SYN-0105,SYN-0428,Galozari Toviloma,Galozari Toviloma,,1996-10-25,0
train,SYN-0343,SYN-0343,Dorisene Wenafena,Dorisena Wenafena,,1997-10-05,1
train,SYN-0343,SYN-0034,Dorisena Wenafena,Senagalo Tovigalo,,1960-02-23,0
train,SYN-0312,SYN-0312,Nerisena Palokemi,Narisena Palokemi,1962-11-07,1962-11-07,1
train,SYN-0312,SYN-0397,Kemigalo Doriloma,Kemigalo Doriloma,,1970-12-15,0
train,SYN-0027,SYN-0027,Toviloma Senabala,Senabala Toviloma,1991-01-04,1991-01-04,1
train,SYN-0027,SYN-0461,Doriwena Wenabala,Doriwena Wenabala,,1965-07-13,0
train,SYN-0551,SYN-0551,Dorizari Doribal,Dorizari Doribala,1973-08-03,1973-08-03,1
train,SYN-0551,SYN-0038,Palonari Galodori,Palonari Galodori,1966-11-14,1966-11-14,0
train,SYN-0222,SYN-0222,Tovibela Zariwena,Tovibala Zariwena,1971-01-01,1993-05-15,1
train,SYN-0222,SYN-0571,Dorisena Galofena,Dorisena Galofena,,1994-06-13,0
train,SYN-0084,SYN-0084,Kemikemi Senabala,Senabala Kemikemi,,1973-07-26,1
train,SYN-0084,SYN-0468,Senabala Kemikemi,Galotovi Nariwena,1973-07-26,1994-06-13,0
train,SYN-0579,SYN-0579,Senadori Kemizari,Senadori Kemizari,1996-11-03,1996-11-03,1
train,SYN-0579,SYN-0383,Senadori Kemizari,Lomasena Zarikemi,1996-11-03,1978-02-19,0
train,SYN-0478,SYN-0478,Palosena Senasena,Palosena Senasena,1986-02-01,1986-02-01,1
train,SYN-0478,SYN-0411,Tovisena Fenafena,Tovisena Fenafena,1986-02-01,1980-09-15,0
train,SYN-0247,SYN-0247,Palonari Kemigalo,Palonari Kemigalo,1992-02-12,1992-02-12,1
train,SYN-0247,SYN-0256,Palonari Kemigalo,Lomafena Tovipalo,1992-02-12,1983-02-14,0
train,SYN-0173,SYN-0173,Paloloma Galozari,Paloloma Galozari,,1975-10-13,1
train,SYN-0173,SYN-0407,Paloloma Galozari,Palofena Palozari,1975-10-13,1998-06-14,0
train,SYN-0047,SYN-0047,Balatovi Kemigalo,Kemigalo Balatovi,,1994-01-24,1
train,SYN-0047,SYN-0282,Fenadori Kemidori,Fenadori Kemidori,1992-09-27,1992-09-27,0
train,SYN-0280,SYN-0280,Wenanari Senalom,Wenanari Senaloma,1961-06-10,1961-06-10,1
train,SYN-0280,SYN-0243,Zarisena Galonari,Zarisena Galonari,1961-06-10,1986-08-11,0
train,SYN-0038,SYN-0038,Palonari Galodori,Palonari Galodori,1966-11-14,1966-11-14,1
train,SYN-0038,SYN-0211,Lomagalo Palopalo,Lomagalo Palopalo,1975-06-04,1975-06-04,0
train,SYN-0082,SYN-0082,Fenagalo Kemisena,Kemisena Fenagalo,,1986-11-13,1
train,SYN-0082,SYN-0426,Wenazari Balagalo,Wenazari Balagalo,1986-11-13,1962-07-15,0
train,SYN-0350,SYN-0350,Pelogalo Lomatovi,Palogalo Lomatovi,1969-06-28,1969-06-28,1
train,SYN-0350,SYN-0177,Palogalo Lomatovi,Senapalo Balazari,1969-06-28,1969-07-28,0
train,SYN-0087,SYN-0087,Kemisena Wenawena,Kemisena Wenawena,,1999-06-03,1
train,SYN-0087,SYN-0547,Fenapalo Palobala,Fenapalo Palobala,,1987-04-23,0
train,SYN-0175,SYN-0175,Narinari Wenawena,Narinari Wenawena,,1969-08-02,1
train,SYN-0175,SYN-0468,Narinari Wenawena,Galotovi Nariwena,1969-08-02,1994-06-13,0
train,SYN-0570,SYN-0570,Tovifena Senasena,Senasena Tovifena,,1977-02-10,1
train,SYN-0570,SYN-0087,Senasena Tovifena,Kemisena Wenawena,,1999-06-03,0
train,SYN-0346,SYN-0346,Tovikemi Wenagal,Tovikemi Wenagalo,1996-07-20,1996-07-20,1
train,SYN-0346,SYN-0145,Galowena Galokemi,Galowena Galokemi,,1965-03-08,0
train,SYN-0554,SYN-0554,Gelonari Dorizari,Galonari Dorizari,,1966-02-11,1
train,SYN-0554,SYN-0378,Senaloma Wenapalo,Senaloma Wenapalo,1966-02-11,1993-07-11,0
train,SYN-0389,SYN-0389,Gelobala Dorinari,Galobala Dorinari,1981-12-16,1981-12-16,1
train,SYN-0389,SYN-0279,Galobala Dorinari,Lomafena Wenazari,,1993-02-21,0
train,SYN-0426,SYN-0426,Wenezari Balagalo,Wenazari Balagalo,,1962-07-15,1
train,SYN-0426,SYN-0324,Balatovi Fenawena,Balatovi Fenawena,1962-07-15,1988-06-12,0
train,SYN-0361,SYN-0361,Senagalo Balatovi,Balatovi Senagalo,1983-09-10,1983-09-10,1
train,SYN-0361,SYN-0234,Senaloma Wenadori,Senaloma Wenadori,1983-09-10,1986-06-28,0
train,SYN-0017,SYN-0017,Palofena Kemifena,Palofena Kemifena,1975-12-18,1975-12-18,1
train,SYN-0017,SYN-0487,Palofena Kemifena,Lomapalo Lomanari,,1998-03-10,0
train,SYN-0468,SYN-0468,Galotovi Nariwena,Galotovi Nariwena,1994-06-13,1994-06-13,1
train,SYN-0468,SYN-0484,Kemipalo Doriloma,Kemipalo Doriloma,1994-06-13,1976-04-24,0
train,SYN-0231,SYN-0231,Lomawena Kemilom,Lomawena Kemiloma,,1969-11-16,1
train,SYN-0231,SYN-0256,Lomawena Kemiloma,Lomafena Tovipalo,1969-11-16,1983-02-14,0
train,SYN-0083,SYN-0083,Wenazari Fenatov,Wenazari Fenatovi,,1996-05-13,1
train,SYN-0083,SYN-0258,Wenazari Fenatovi,Narikemi Zariloma,1996-05-13,1974-06-25,0
train,SYN-0115,SYN-0115,Doritovi Balakemi,Doritovi Balakemi,1996-11-13,1996-11-13,1
train,SYN-0115,SYN-0021,Tovidori Narinari,Tovidori Narinari,1996-11-13,1998-08-17,0
train,SYN-0295,SYN-0295,Lomagalo Balalom,Lomagalo Balaloma,1971-01-01,1966-12-21,1
train,SYN-0295,SYN-0580,Lomagalo Balaloma,Palopalo Senaloma,1963-08-28,1963-08-28,0
train,SYN-0494,SYN-0494,Kemigalo Kemiwena,Kemigalo Kemiwena,1969-12-14,1969-12-14,1
train,SYN-0494,SYN-0382,Kemigalo Kemiwena,Kemizari Galozari,1969-12-14,1991-06-16,0
train,SYN-0386,SYN-0386,Palogalo Kemizari,Kemizari Palogalo,1972-09-09,1972-09-09,1
train,SYN-0386,SYN-0483,Palofena Dorifena,Palofena Dorifena,1972-09-09,1987-05-14,0
train,SYN-0192,SYN-0192,Kemibela Wenanari,Kemibala Wenanari,1971-01-01,1977-01-19,1
train,SYN-0192,SYN-0386,Kemizari Palogalo,Kemizari Palogalo,1977-01-19,1972-09-09,0
train,SYN-0279,SYN-0279,Wenazari Lomafena,Lomafena Wenazari,1993-02-21,1993-02-21,1
train,SYN-0279,SYN-0350,Palogalo Lomatovi,Palogalo Lomatovi,,1969-06-28,0
train,SYN-0578,SYN-0578,Doribala Kemizari,Kemizari Doribala,1981-07-09,1981-07-09,1
train,SYN-0578,SYN-0099,Dorifena Fenagalo,Dorifena Fenagalo,1981-07-09,1984-12-05,0
train,SYN-0574,SYN-0574,Doripelo Tovitovi,Doripalo Tovitovi,1971-01-01,1963-05-22,1
train,SYN-0574,SYN-0017,Doripalo Tovitovi,Palofena Kemifena,1963-05-22,1975-12-18,0
train,SYN-0425,SYN-0425,Doritovi Galodori,Galodori Doritovi,1962-08-20,1962-08-20,1
train,SYN-0425,SYN-0280,Wenanari Senaloma,Wenanari Senaloma,1962-08-20,1961-06-10,0
train,SYN-0211,SYN-0211,Palopalo Lomagalo,Lomagalo Palopalo,,1975-06-04,1
train,SYN-0211,SYN-0572,Toviwena Wenawena,Toviwena Wenawena,,1964-05-23,0
train,SYN-0338,SYN-0338,Wenesena Lomafena,Wenasena Lomafena,,1995-11-19,1
train,SYN-0338,SYN-0118,Wenasena Lomafena,Doritovi Balaloma,1995-11-19,1994-07-22,0
train,SYN-0518,SYN-0518,Wenafena Lomadori,Wenafena Lomadori,1975-05-04,1975-05-04,1
train,SYN-0518,SYN-0534,Galogalo Balatovi,Galogalo Balatovi,1982-09-09,1982-09-09,0
train,SYN-0224,SYN-0224,Zaripalo Doripalo,Doripalo Zaripalo,,1964-02-11,1
train,SYN-0224,SYN-0471,Tovitovi Tovinari,Tovitovi Tovinari,1964-02-11,1980-01-21,0
train,SYN-0197,SYN-0197,Lomazari Fenadori,Lomazari Fenadori,1978-06-24,1978-06-24,1
train,SYN-0197,SYN-0068,Lomazari Fenadori,Lomasena Naritovi,1969-04-28,1969-04-28,0
train,SYN-0024,SYN-0024,Pelobala Zarizari,Palobala Zarizari,,1976-09-25,1
train,SYN-0024,SYN-0556,Fenadori Senatovi,Fenadori Senatovi,1976-09-25,1960-10-21,0
train,SYN-0451,SYN-0451,Senawena Balasena,Senawena Balasena,1962-02-27,1962-02-27,1
train,SYN-0451,SYN-0025,Fenasena Doriwena,Fenasena Doriwena,1962-02-27,1979-11-17,0
train,SYN-0055,SYN-0055,Pelotovi Tovidori,Palotovi Tovidori,,1964-09-07,1
train,SYN-0055,SYN-0246,Dorikemi Palowena,Dorikemi Palowena,1964-09-07,1987-08-20,0
train,SYN-0543,SYN-0543,Lomedori Senanari,Lomadori Senanari,1973-07-27,1973-07-27,1
train,SYN-0543,SYN-0134,Galogalo Zaripalo,Galogalo Zaripalo,1973-07-27,1977-12-19,0
train,SYN-0179,SYN-0179,Zarinari Wenadori,Zarinari Wenadori,1981-11-28,1981-11-28,1
train,SYN-0179,SYN-0098,Zarikemi Galokemi,Zarikemi Galokemi,,1981-06-18,0
train,SYN-0034,SYN-0034,Senagalo Tovigalo,Senagalo Tovigalo,1960-02-23,1960-02-23,1
train,SYN-0034,SYN-0187,Senagalo Tovigalo,Galopalo Wenakemi,,1989-05-22,0
train,SYN-0504,SYN-0504,Doridori Zerifena,Doridori Zarifena,1982-05-11,1982-05-11,1
train,SYN-0504,SYN-0070,Nariwena Zarigalo,Nariwena Zarigalo,1982-05-11,1977-03-26,0
train,SYN-0107,SYN-0107,Baladori Toviwena,Toviwena Baladori,1987-03-28,1987-03-28,1
train,SYN-0107,SYN-0375,Dorigalo Balapalo,Dorigalo Balapalo,,1980-07-05,0
train,SYN-0135,SYN-0135,Senatovi Kemidor,Senatovi Kemidori,,1972-05-08,1
train,SYN-0135,SYN-0110,Senatovi Kemidori,Doripalo Balazari,1972-05-08,1994-01-12,0
train,SYN-0005,SYN-0005,Fenagalo Lomakemi,Lomakemi Fenagalo,1981-02-03,1981-02-03,1
train,SYN-0005,SYN-0115,Doritovi Balakemi,Doritovi Balakemi,1981-02-03,1996-11-13,0
train,SYN-0228,SYN-0228,Zaridori Wenawen,Zaridori Wenawena,1995-12-28,1995-12-28,1
train,SYN-0228,SYN-0530,Naridori Zariwena,Naridori Zariwena,,1975-05-28,0
train,SYN-0171,SYN-0171,Kemitovi Toviwena,Kemitovi Toviwena,1991-03-15,1991-03-15,1
train,SYN-0171,SYN-0323,Kemitovi Toviwena,Dorigalo Wenaloma,1991-03-15,1983-07-19,0
train,SYN-0348,SYN-0348,Kemipelo Galowena,Kemipalo Galowena,1971-01-01,1985-05-15,1
train,SYN-0348,SYN-0079,Zarizari Wenagalo,Zarizari Wenagalo,,1983-07-03,0
train,SYN-0045,SYN-0045,Neribala Narikemi,Naribala Narikemi,1971-01-01,1989-05-14,1
train,SYN-0045,SYN-0395,Naribala Narikemi,Kemitovi Tovidori,1981-05-15,1981-05-15,0
train,SYN-0325,SYN-0325,Palodori Tovifen,Palodori Tovifena,1993-06-13,1993-06-13,1
train,SYN-0325,SYN-0279,Palodori Tovifena,Lomafena Wenazari,1993-06-13,1993-02-21,0
train,SYN-0085,SYN-0085,Wenaloma Tovitovi,Tovitovi Wenaloma,1971-01-01,1989-08-15,1
train,SYN-0085,SYN-0372,Tovitovi Wenaloma,Kemiwena Tovitovi,1974-12-02,1974-12-02,0
train,SYN-0481,SYN-0481,Senagalo Dorizari,Dorizari Senagalo,1996-09-06,1996-09-06,1
train,SYN-0481,SYN-0499,Balatovi Wenawena,Balatovi Wenawena,1996-09-06,1985-06-26,0
train,SYN-0177,SYN-0177,Balazari Senapalo,Senapalo Balazari,1969-07-28,1969-07-28,1
train,SYN-0177,SYN-0394,Naripalo Fenazari,Naripalo Fenazari,1969-07-28,1978-01-01,0
train,SYN-0535,SYN-0535,Fenaloma Tovisena,Tovisena Fenaloma,1971-01-01,1978-05-19,1
train,SYN-0535,SYN-0576,Tovisena Fenaloma,Fenazari Balafena,1978-05-19,1991-06-17,0
train,SYN-0039,SYN-0039,Lomenari Naripalo,Lomanari Naripalo,,1963-11-21,1
train,SYN-0039,SYN-0555,Lomanari Naripalo,Lomakemi Fenanari,,1968-11-22,0
train,SYN-0502,SYN-0502,Lomenari Palowena,Lomanari Palowena,,1997-12-17,1
train,SYN-0502,SYN-0272,Lomanari Palowena,Palopalo Senasena,,1999-03-12,0
train,SYN-0397,SYN-0397,Kemigalo Doriloma,Kemigalo Doriloma,1970-12-15,1970-12-15,1
train,SYN-0397,SYN-0060,Kemigalo Doriloma,Fenakemi Kemitovi,1970-12-15,1973-12-11,0
train,SYN-0575,SYN-0575,Zarifena Zariwena,Zariwena Zarifena,1967-01-23,1967-01-23,1
train,SYN-0575,SYN-0387,Senazari Kemifena,Senazari Kemifena,1966-10-24,1966-10-24,0
train,SYN-0053,SYN-0053,Wenazari Lomagal,Wenazari Lomagalo,1971-01-01,1976-07-05,1
train,SYN-0053,SYN-0144,Wenazari Lomagalo,Kemitovi Tovibala,1976-07-05,1999-12-04,0
train,SYN-0488,SYN-0488,Lomatovi Zarigalo,Lomatovi Zarigalo,1971-01-01,1990-06-06,1
train,SYN-0488,SYN-0283,Zarisena Balawena,Zarisena Balawena,,1981-10-05,0
train,SYN-0378,SYN-0378,Wenapalo Senaloma,Senaloma Wenapalo,,1993-07-11,1
train,SYN-0378,SYN-0184,Lomaloma Narifena,Lomaloma Narifena,1993-07-11,1975-09-14,0
train,SYN-0113,SYN-0113,Wenadori Tovigal,Wenadori Tovigalo,1989-12-09,1989-12-09,1
train,SYN-0113,SYN-0190,Kemipalo Kemigalo,Kemipalo Kemigalo,1984-08-04,1984-08-04,0
train,SYN-0313,SYN-0313,Kemiloma Balawena,Kemiloma Balawena,1981-05-04,1981-05-04,1
train,SYN-0313,SYN-0533,Kemiloma Balawena,Zaritovi Wenanari,,1970-10-05,0
train,SYN-0375,SYN-0375,Balapalo Dorigalo,Dorigalo Balapalo,1980-07-05,1980-07-05,1
train,SYN-0375,SYN-0185,Toviwena Fenafena,Toviwena Fenafena,1971-02-20,1971-02-20,0
train,SYN-0593,SYN-0593,Galosena Kemidori,Kemidori Galosena,,1975-07-16,1
train,SYN-0593,SYN-0578,Kemizari Doribala,Kemizari Doribala,1975-07-16,1981-07-09,0
train,SYN-0576,SYN-0576,Fenazari Balafena,Fenazari Balafena,,1991-06-17,1
train,SYN-0576,SYN-0038,Palonari Galodori,Palonari Galodori,1991-06-17,1966-11-14,0
train,SYN-0016,SYN-0016,Zariloma Galowen,Zariloma Galowena,1991-07-21,1991-07-21,1
train,SYN-0016,SYN-0393,Zarizari Balafena,Zarizari Balafena,1991-07-21,1986-03-02,0
train,SYN-0431,SYN-0431,Zarifena Wenawen,Zarifena Wenawena,1987-09-16,1987-09-16,1
train,SYN-0431,SYN-0493,Kemizari Dorinari,Kemizari Dorinari,,1991-03-21,0
train,SYN-0200,SYN-0200,Lomadori Palodori,Lomadori Palodori,1971-01-01,1969-04-28,1
train,SYN-0200,SYN-0101,Palonari Balagalo,Palonari Balagalo,1986-07-25,1986-07-25,0
train,SYN-0293,SYN-0293,Neridori Galopalo,Naridori Galopalo,1982-01-14,1982-01-14,1
train,SYN-0293,SYN-0023,Naridori Galopalo,Kemiwena Lomadori,1978-07-06,1978-07-06,0
train,SYN-0411,SYN-0411,Tovisena Fenafena,Tovisena Fenafena,1980-09-15,1980-09-15,1
train,SYN-0411,SYN-0386,Tovisena Fenafena,Kemizari Palogalo,1980-09-15,1972-09-09,0
train,SYN-0534,SYN-0534,Balatovi Galogalo,Galogalo Balatovi,1982-09-09,1982-09-09,1
train,SYN-0534,SYN-0442,Narigalo Senaloma,Narigalo Senaloma,,1978-07-15,0
validation,SYN-0065,SYN-0065,Senabala Zarifena,Zarifena Senabala,1983-10-18,1983-10-18,1
validation,SYN-0065,SYN-0288,Palogalo Lomawena,Palogalo Lomawena,1983-10-18,1996-08-15,0
validation,SYN-0150,SYN-0150,Senagalo Wenafen,Senagalo Wenafena,,1977-03-03,1
validation,SYN-0150,SYN-0336,Zarizari Palosena,Zarizari Palosena,1977-03-03,1986-07-27,0
validation,SYN-0352,SYN-0352,Lomasena Senadori,Lomasena Senadori,,1980-04-15,1
validation,SYN-0352,SYN-0301,Doripalo Tovisena,Doripalo Tovisena,,1961-11-17,0
validation,SYN-0157,SYN-0157,Tovineri Wenapalo,Tovinari Wenapalo,,1965-08-12,1
validation,SYN-0157,SYN-0417,Dorisena Baladori,Dorisena Baladori,,1990-01-10,0
validation,SYN-0193,SYN-0193,Wenazari Balatov,Wenazari Balatovi,1971-01-01,1991-05-25,1
validation,SYN-0193,SYN-0538,Zariloma Galowena,Zariloma Galowena,1991-05-25,1985-08-05,0
validation,SYN-0380,SYN-0380,Zeriwena Wenazari,Zariwena Wenazari,1976-10-16,1976-10-16,1
validation,SYN-0380,SYN-0398,Wenakemi Zarifena,Wenakemi Zarifena,,1960-12-11,0
validation,SYN-0301,SYN-0301,Tovisena Doripalo,Doripalo Tovisena,,1961-11-17,1
validation,SYN-0301,SYN-0464,Dorisena Balagalo,Dorisena Balagalo,1973-12-19,1973-12-19,0
validation,SYN-0340,SYN-0340,Fenakemi Fenafena,Fenakemi Fenafena,,1980-12-08,1
validation,SYN-0340,SYN-0545,Fenakemi Fenafena,Tovifena Tovipalo,1980-12-08,1981-11-25,0
validation,SYN-0114,SYN-0114,Lomafena Tovitov,Lomafena Tovitovi,1967-03-10,1967-03-10,1
validation,SYN-0114,SYN-0174,Lomafena Tovitovi,Galonari Balaloma,,1990-12-26,0
validation,SYN-0182,SYN-0182,Doriwena Dorinari,Dorinari Doriwena,,1966-08-06,1
validation,SYN-0182,SYN-0019,Lomagalo Fenasena,Lomagalo Fenasena,,1991-02-25,0
validation,SYN-0409,SYN-0409,Tovidori Senepalo,Tovidori Senapalo,1993-12-12,1993-12-12,1
validation,SYN-0409,SYN-0303,Tovidori Senapalo,Toviloma Galotovi,1993-12-12,1986-03-22,0
validation,SYN-0355,SYN-0355,Lomatovi Zarilom,Lomatovi Zariloma,,1972-03-16,1
validation,SYN-0355,SYN-0158,Lomatovi Zariloma,Nariloma Lomawena,1966-03-11,1966-03-11,0
validation,SYN-0287,SYN-0287,Zaripalo Galosena,Zaripalo Galosena,,1975-05-26,1
validation,SYN-0287,SYN-0028,Zaripalo Galosena,Lomakemi Galobala,1975-10-03,1975-10-03,0
validation,SYN-0528,SYN-0528,Palosena Senador,Palosena Senadori,1996-02-09,1996-02-09,1
validation,SYN-0528,SYN-0374,Palosena Senadori,Narifena Wenagalo,1996-02-09,1962-10-23,0
validation,SYN-0422,SYN-0422,Narisena Zarisena,Zarisena Narisena,,1984-04-08,1
validation,SYN-0422,SYN-0273,Lomakemi Narinari,Lomakemi Narinari,1984-04-08,1981-11-20,0
validation,SYN-0441,SYN-0441,Palogalo Dorizari,Dorizari Palogalo,1998-12-07,1998-12-07,1
validation,SYN-0441,SYN-0180,Dorizari Palogalo,Senanari Lomawena,1998-12-07,1991-09-02,0
validation,SYN-0332,SYN-0332,Fenazari Zarizar,Fenazari Zarizari,,2000-03-26,1
validation,SYN-0332,SYN-0121,Fenazari Zarizari,Palozari Fenanari,1971-12-17,1971-12-17,0
validation,SYN-0249,SYN-0249,Wenakemi Balagal,Wenakemi Balagalo,1985-10-02,1985-10-02,1
validation,SYN-0249,SYN-0377,Zarizari Balazari,Zarizari Balazari,1985-10-02,1968-09-07,0
validation,SYN-0327,SYN-0327,Fenapalo Senanar,Fenapalo Senanari,1995-02-09,1995-02-09,1
validation,SYN-0327,SYN-0336,Fenapalo Senanari,Zarizari Palosena,1995-02-09,1986-07-27,0
validation,SYN-0223,SYN-0223,Balapalo Wenabala,Wenabala Balapalo,1971-01-01,1985-07-22,1
validation,SYN-0223,SYN-0398,Wenabala Balapalo,Wenakemi Zarifena,,1960-12-11,0
validation,SYN-0374,SYN-0374,Nerifena Wenagalo,Narifena Wenagalo,1962-10-23,1962-10-23,1
validation,SYN-0374,SYN-0360,Narifena Wenagalo,Kemizari Lomanari,,1983-01-13,0
validation,SYN-0080,SYN-0080,Weneloma Toviloma,Wenaloma Toviloma,1971-01-01,1967-12-10,1
validation,SYN-0080,SYN-0458,Wenaloma Toviloma,Senafena Galogalo,,1999-09-09,0
validation,SYN-0069,SYN-0069,Fenefena Naribala,Fenafena Naribala,1971-01-01,1971-12-11,1
validation,SYN-0069,SYN-0546,Balabala Doriwena,Balabala Doriwena,,1989-01-04,0
validation,SYN-0403,SYN-0403,Kemitovi Zaritov,Kemitovi Zaritovi,,1960-05-21,1
validation,SYN-0403,SYN-0288,Palogalo Lomawena,Palogalo Lomawena,1960-05-21,1996-08-15,0
validation,SYN-0154,SYN-0154,Zariloma Tovikem,Zariloma Tovikemi,1961-02-08,1961-02-08,1
validation,SYN-0154,SYN-0532,Dorigalo Galozari,Dorigalo Galozari,1961-02-08,1997-12-12,0
validation,SYN-0536,SYN-0536,Kemisene Wenadori,Kemisena Wenadori,,1968-07-02,1
validation,SYN-0536,SYN-0455,Palobala Balasena,Palobala Balasena,,1995-07-01,0
validation,SYN-0464,SYN-0464,Dorisene Balagalo,Dorisena Balagalo,1973-12-19,1973-12-19,1
validation,SYN-0464,SYN-0429,Dorisena Balagalo,Wenaloma Galokemi,1973-12-19,1969-11-17,0
validation,SYN-0399,SYN-0399,Wenagalo Kemitovi,Kemitovi Wenagalo,,1971-10-28,1
validation,SYN-0399,SYN-0355,Lomatovi Zariloma,Lomatovi Zariloma,,1972-03-16,0
validation,SYN-0545,SYN-0545,Tovipalo Tovifena,Tovifena Tovipalo,,1981-11-25,1
validation,SYN-0545,SYN-0506,Palozari Zaripalo,Palozari Zaripalo,,1980-02-10,0
validation,SYN-0541,SYN-0541,Palopalo Zariloma,Zariloma Palopalo,,1980-10-01,1
validation,SYN-0541,SYN-0288,Zariloma Palopalo,Palogalo Lomawena,1980-10-01,1996-08-15,0
validation,SYN-0475,SYN-0475,Zariwena Fenanari,Fenanari Zariwena,1971-01-01,1969-12-13,1
validation,SYN-0475,SYN-0566,Fenanari Zariwena,Tovinari Lomasena,1969-12-13,1971-08-25,0
validation,SYN-0526,SYN-0526,Tovibela Galokemi,Tovibala Galokemi,1962-05-08,1962-05-08,1
validation,SYN-0526,SYN-0121,Tovibala Galokemi,Palozari Fenanari,1962-05-08,1971-12-17,0
validation,SYN-0037,SYN-0037,Fenazari Tovitovi,Fenazari Tovitovi,1990-04-26,1990-04-26,1
validation,SYN-0037,SYN-0398,Fenazari Tovitovi,Wenakemi Zarifena,,1960-12-11,0
validation,SYN-0186,SYN-0186,Naritovi Wenagalo,Naritovi Wenagalo,1991-10-05,1991-10-05,1
validation,SYN-0186,SYN-0495,Naridori Palotovi,Naridori Palotovi,1991-10-05,1990-10-13,0
validation,SYN-0413,SYN-0413,Senapalo Balapal,Senapalo Balapalo,1968-09-14,1968-09-14,1
validation,SYN-0413,SYN-0072,Paloloma Kemigalo,Paloloma Kemigalo,1968-09-14,1974-01-22,0
validation,SYN-0056,SYN-0056,Senakemi Fenalom,Senakemi Fenaloma,,1964-04-12,1
validation,SYN-0056,SYN-0011,Lomafena Lomaloma,Lomafena Lomaloma,1964-04-12,1973-11-09,0
validation,SYN-0396,SYN-0396,Wenasena Senapal,Wenasena Senapalo,1971-01-01,1968-09-15,1
validation,SYN-0396,SYN-0011,Wenasena Senapalo,Lomafena Lomaloma,1973-11-09,1973-11-09,0
validation,SYN-0447,SYN-0447,Narikemi Fenagal,Narikemi Fenagalo,1981-04-13,1981-04-13,1
validation,SYN-0447,SYN-0157,Tovinari Wenapalo,Tovinari Wenapalo,,1965-08-12,0
validation,SYN-0434,SYN-0434,Senapalo Galogalo,Senapalo Galogalo,1979-12-05,1979-12-05,1
validation,SYN-0434,SYN-0028,Lomakemi Galobala,Lomakemi Galobala,1979-12-05,1975-10-03,0
validation,SYN-0300,SYN-0300,Belagalo Nariwena,Balagalo Nariwena,1999-08-03,1999-08-03,1
validation,SYN-0300,SYN-0573,Balagalo Nariwena,Narizari Galobala,,1975-02-14,0
validation,SYN-0075,SYN-0075,Dorikemi Fenatovi,Dorikemi Fenatovi,,1976-01-04,1
validation,SYN-0075,SYN-0514,Dorikemi Fenatovi,Lomagalo Palodori,1976-11-28,1976-11-28,0
validation,SYN-0011,SYN-0011,Lomefena Lomaloma,Lomafena Lomaloma,,1973-11-09,1
validation,SYN-0011,SYN-0545,Tovifena Tovipalo,Tovifena Tovipalo,,1981-11-25,0
validation,SYN-0532,SYN-0532,Dorigalo Galozar,Dorigalo Galozari,1997-12-12,1997-12-12,1
validation,SYN-0532,SYN-0273,Lomakemi Narinari,Lomakemi Narinari,1981-11-20,1981-11-20,0
validation,SYN-0165,SYN-0165,Galozari Fenakemi,Galozari Fenakemi,1995-01-18,1995-01-18,1
validation,SYN-0165,SYN-0538,Zariloma Galowena,Zariloma Galowena,1995-01-18,1985-08-05,0
validation,SYN-0444,SYN-0444,Dorizari Palopalo,Palopalo Dorizari,1990-06-07,1990-06-07,1
validation,SYN-0444,SYN-0327,Palopalo Dorizari,Fenapalo Senanari,1990-06-07,1995-02-09,0
validation,SYN-0367,SYN-0367,Lomatovi Senafena,Senafena Lomatovi,,1980-03-13,1
validation,SYN-0367,SYN-0455,Senafena Lomatovi,Palobala Balasena,1995-07-01,1995-07-01,0
validation,SYN-0174,SYN-0174,Galonari Balaloma,Galonari Balaloma,1990-12-26,1990-12-26,1
validation,SYN-0174,SYN-0466,Wenabala Fenaloma,Wenabala Fenaloma,1990-12-26,1961-04-19,0
validation,SYN-0546,SYN-0546,Balabala Doriwena,Balabala Doriwena,1989-01-04,1989-01-04,1
validation,SYN-0546,SYN-0299,Senanari Dorikemi,Senanari Dorikemi,,1975-05-04,0
validation,SYN-0103,SYN-0103,Lomakemi Narinari,Lomakemi Narinari,1994-12-24,1994-12-24,1
validation,SYN-0103,SYN-0532,Dorigalo Galozari,Dorigalo Galozari,1994-12-24,1997-12-12,0
validation,SYN-0314,SYN-0314,Narizari Lomanari,Lomanari Narizari,,1988-07-11,1
validation,SYN-0314,SYN-0413,Senapalo Balapalo,Senapalo Balapalo,1988-07-11,1968-09-14,0
validation,SYN-0169,SYN-0169,Narigalo Tovisen,Narigalo Tovisena,,1968-02-09,1
validation,SYN-0169,SYN-0447,Narikemi Fenagalo,Narikemi Fenagalo,1981-04-13,1981-04-13,0
validation,SYN-0000,SYN-0000,Wenedori Balazari,Wenadori Balazari,1977-04-08,1977-04-08,1
validation,SYN-0000,SYN-0545,Tovifena Tovipalo,Tovifena Tovipalo,,1981-11-25,0
validation,SYN-0244,SYN-0244,Fenaloma Kemizari,Fenaloma Kemizari,,1980-10-20,1
validation,SYN-0244,SYN-0396,Wenasena Senapalo,Wenasena Senapalo,1980-10-20,1968-09-15,0
validation,SYN-0505,SYN-0505,Palogalo Senapal,Palogalo Senapalo,,1982-08-04,1
validation,SYN-0505,SYN-0277,Palogalo Senapalo,Fenaloma Kemiwena,1985-03-20,1985-03-20,0
validation,SYN-0010,SYN-0010,Galodori Narikemi,Galodori Narikemi,1989-11-27,1989-11-27,1
validation,SYN-0010,SYN-0162,Galodori Narikemi,Balagalo Senaloma,1989-11-27,1999-08-21,0
validation,SYN-0453,SYN-0453,Dorizeri Fenabala,Dorizari Fenabala,1973-09-15,1973-09-15,1
validation,SYN-0453,SYN-0495,Naridori Palotovi,Naridori Palotovi,,1990-10-13,0
validation,SYN-0308,SYN-0308,Tovizari Lomafena,Tovizari Lomafena,1962-06-18,1962-06-18,1
validation,SYN-0308,SYN-0374,Narifena Wenagalo,Narifena Wenagalo,1962-06-18,1962-10-23,0
validation,SYN-0466,SYN-0466,Wenebala Fenaloma,Wenabala Fenaloma,,1961-04-19,1
validation,SYN-0466,SYN-0303,Wenabala Fenaloma,Toviloma Galotovi,1961-04-19,1986-03-22,0
validation,SYN-0455,SYN-0455,Palobala Balasen,Palobala Balasena,1995-07-01,1995-07-01,1
validation,SYN-0455,SYN-0080,Wenaloma Toviloma,Wenaloma Toviloma,1995-07-01,1967-12-10,0
validation,SYN-0046,SYN-0046,Zerizari Senawena,Zarizari Senawena,,1991-03-07,1
validation,SYN-0046,SYN-0174,Galonari Balaloma,Galonari Balaloma,1991-03-07,1990-12-26,0
validation,SYN-0019,SYN-0019,Fenasena Lomagalo,Lomagalo Fenasena,,1991-02-25,1
validation,SYN-0019,SYN-0136,Lomafena Kemibala,Lomafena Kemibala,1991-02-25,1994-03-09,0
validation,SYN-0520,SYN-0520,Tovinari Tovifena,Tovifena Tovinari,,1987-03-16,1
validation,SYN-0520,SYN-0299,Senanari Dorikemi,Senanari Dorikemi,1987-03-16,1975-05-04,0
validation,SYN-0514,SYN-0514,Palodori Lomagalo,Lomagalo Palodori,1976-11-28,1976-11-28,1
validation,SYN-0514,SYN-0422,Lomagalo Palodori,Zarisena Narisena,1976-11-28,1984-04-08,0
validation,SYN-0158,SYN-0158,Neriloma Lomawena,Nariloma Lomawena,1966-03-11,1966-03-11,1
validation,SYN-0158,SYN-0308,Nariloma Lomawena,Tovizari Lomafena,1966-03-11,1962-06-18,0
validation,SYN-0277,SYN-0277,Feneloma Kemiwena,Fenaloma Kemiwena,,1985-03-20,1
validation,SYN-0277,SYN-0377,Fenaloma Kemiwena,Zarizari Balazari,1968-09-07,1968-09-07,0
validation,SYN-0252,SYN-0252,Narisena Zarigal,Narisena Zarigalo,1992-09-27,1992-09-27,1
validation,SYN-0252,SYN-0464,Dorisena Balagalo,Dorisena Balagalo,1973-12-19,1973-12-19,0
validation,SYN-0538,SYN-0538,Galowena Zariloma,Zariloma Galowena,,1985-08-05,1
validation,SYN-0538,SYN-0573,Narizari Galobala,Narizari Galobala,,1975-02-14,0
validation,SYN-0562,SYN-0562,Galosena Wenakemi,Wenakemi Galosena,1998-09-07,1998-09-07,1
validation,SYN-0562,SYN-0380,Zariwena Wenazari,Zariwena Wenazari,1998-09-07,1976-10-16,0
validation,SYN-0430,SYN-0430,Kemikemi Galonari,Galonari Kemikemi,1963-09-19,1963-09-19,1
validation,SYN-0430,SYN-0415,Kemizari Balanari,Kemizari Balanari,,1976-01-24,0
validation,SYN-0072,SYN-0072,Paloloma Kemigal,Paloloma Kemigalo,1974-01-22,1974-01-22,1
validation,SYN-0072,SYN-0014,Wenazari Senagalo,Wenazari Senagalo,1980-01-08,1980-01-08,0
validation,SYN-0288,SYN-0288,Palogalo Lomawen,Palogalo Lomawena,1971-01-01,1996-08-15,1
validation,SYN-0288,SYN-0081,Senakemi Wenanari,Senakemi Wenanari,,1980-07-23,0
validation,SYN-0290,SYN-0290,Galotovi Fenakem,Galotovi Fenakemi,1963-11-16,1963-11-16,1
validation,SYN-0290,SYN-0573,Narizari Galobala,Narizari Galobala,,1975-02-14,0
validation,SYN-0180,SYN-0180,Senanari Lomawen,Senanari Lomawena,1991-09-02,1991-09-02,1
validation,SYN-0180,SYN-0019,Lomagalo Fenasena,Lomagalo Fenasena,1991-09-02,1991-02-25,0
validation,SYN-0358,SYN-0358,Kemipalo Balabala,Balabala Kemipalo,,1998-11-22,1
validation,SYN-0358,SYN-0103,Lomakemi Narinari,Lomakemi Narinari,1998-11-22,1994-12-24,0
validation,SYN-0360,SYN-0360,Kemizeri Lomanari,Kemizari Lomanari,,1983-01-13,1
validation,SYN-0360,SYN-0249,Wenakemi Balagalo,Wenakemi Balagalo,,1985-10-02,0
validation,SYN-0014,SYN-0014,Senagalo Wenazari,Wenazari Senagalo,,1980-01-08,1
validation,SYN-0014,SYN-0314,Lomanari Narizari,Lomanari Narizari,,1988-07-11,0
validation,SYN-0519,SYN-0519,Fenaloma Zarifena,Fenaloma Zarifena,,1992-07-14,1
validation,SYN-0519,SYN-0585,Galonari Zariloma,Galonari Zariloma,1992-07-14,1977-02-19,0
validation,SYN-0469,SYN-0469,Zarifena Zarizari,Zarifena Zarizari,1965-09-24,1965-09-24,1
validation,SYN-0469,SYN-0150,Zarifena Zarizari,Senagalo Wenafena,,1977-03-03,0
validation,SYN-0357,SYN-0357,Narisena Palogalo,Narisena Palogalo,1973-10-12,1973-10-12,1
validation,SYN-0357,SYN-0441,Dorizari Palogalo,Dorizari Palogalo,1973-10-12,1998-12-07,0
validation,SYN-0523,SYN-0523,Balapalo Balaloma,Balaloma Balapalo,1968-04-27,1968-04-27,1
validation,SYN-0523,SYN-0080,Wenaloma Toviloma,Wenaloma Toviloma,,1967-12-10,0
validation,SYN-0412,SYN-0412,Doriwena Galozari,Doriwena Galozari,,1997-08-03,1
validation,SYN-0412,SYN-0479,Doriloma Senadori,Doriloma Senadori,1997-08-03,1998-10-26,0
validation,SYN-0162,SYN-0162,Belagalo Senaloma,Balagalo Senaloma,1999-08-21,1999-08-21,1
validation,SYN-0162,SYN-0000,Wenadori Balazari,Wenadori Balazari,1999-08-21,1977-04-08,0
validation,SYN-0303,SYN-0303,Toviloma Galotovi,Toviloma Galotovi,1986-03-22,1986-03-22,1
validation,SYN-0303,SYN-0455,Palobala Balasena,Palobala Balasena,1986-03-22,1995-07-01,0
validation,SYN-0121,SYN-0121,Palozari Fenanar,Palozari Fenanari,,1971-12-17,1
validation,SYN-0121,SYN-0299,Senanari Dorikemi,Senanari Dorikemi,1971-12-17,1975-05-04,0
validation,SYN-0090,SYN-0090,Wenatovi Galozari,Wenatovi Galozari,1984-08-13,1984-08-13,1
validation,SYN-0090,SYN-0434,Wenatovi Galozari,Senapalo Galogalo,,1979-12-05,0
validation,SYN-0088,SYN-0088,Galowena Kemigalo,Galowena Kemigalo,1972-03-01,1972-03-01,1
validation,SYN-0088,SYN-0090,Wenatovi Galozari,Wenatovi Galozari,1972-03-01,1984-08-13,0
validation,SYN-0432,SYN-0432,Wenawena Balaloma,Balaloma Wenawena,1971-01-01,1984-09-11,1
validation,SYN-0432,SYN-0453,Balaloma Wenawena,Dorizari Fenabala,1973-09-15,1973-09-15,0
validation,SYN-0429,SYN-0429,Wenaloma Galokemi,Wenaloma Galokemi,1971-01-01,1969-11-17,1
validation,SYN-0429,SYN-0069,Fenafena Naribala,Fenafena Naribala,,1971-12-11,0
validation,SYN-0181,SYN-0181,Tovidori Galowen,Tovidori Galowena,1978-04-24,1978-04-24,1
validation,SYN-0181,SYN-0294,Balanari Senaloma,Balanari Senaloma,1978-04-24,1975-07-03,0
validation,SYN-0485,SYN-0485,Wenapalo Tovitovi,Wenapalo Tovitovi,1972-08-04,1972-08-04,1
validation,SYN-0485,SYN-0358,Balabala Kemipalo,Balabala Kemipalo,,1998-11-22,0
validation,SYN-0506,SYN-0506,Zaripalo Palozari,Palozari Zaripalo,1980-02-10,1980-02-10,1
validation,SYN-0506,SYN-0103,Palozari Zaripalo,Lomakemi Narinari,1980-02-10,1994-12-24,0
validation,SYN-0433,SYN-0433,Zerinari Narifena,Zarinari Narifena,,1979-07-06,1
validation,SYN-0433,SYN-0332,Zarinari Narifena,Fenazari Zarizari,1979-07-06,2000-03-26,0
validation,SYN-0294,SYN-0294,Senaloma Balanari,Balanari Senaloma,1975-07-03,1975-07-03,1
validation,SYN-0294,SYN-0103,Lomakemi Narinari,Lomakemi Narinari,1975-07-03,1994-12-24,0
validation,SYN-0479,SYN-0479,Dorilome Senadori,Doriloma Senadori,,1998-10-26,1
validation,SYN-0479,SYN-0475,Doriloma Senadori,Fenanari Zariwena,1998-10-26,1969-12-13,0
validation,SYN-0531,SYN-0531,Kemiloma Balapalo,Balapalo Kemiloma,1965-08-28,1965-08-28,1
validation,SYN-0531,SYN-0080,Wenaloma Toviloma,Wenaloma Toviloma,1965-08-28,1967-12-10,0
validation,SYN-0028,SYN-0028,Lomakemi Galobala,Lomakemi Galobala,1975-10-03,1975-10-03,1
validation,SYN-0028,SYN-0413,Senapalo Balapalo,Senapalo Balapalo,,1968-09-14,0
validation,SYN-0377,SYN-0377,Zerizari Balazari,Zarizari Balazari,1968-09-07,1968-09-07,1
validation,SYN-0377,SYN-0358,Balabala Kemipalo,Balabala Kemipalo,1968-09-07,1998-11-22,0
validation,SYN-0573,SYN-0573,Narizari Galobal,Narizari Galobala,,1975-02-14,1
validation,SYN-0573,SYN-0417,Narizari Galobala,Dorisena Baladori,,1990-01-10,0
validation,SYN-0417,SYN-0417,Dorisena Baladori,Dorisena Baladori,,1990-01-10,1
validation,SYN-0417,SYN-0592,Zaribala Lomabala,Zaribala Lomabala,,1984-12-24,0
validation,SYN-0273,SYN-0273,Lomekemi Narinari,Lomakemi Narinari,,1981-11-20,1
validation,SYN-0273,SYN-0000,Lomakemi Narinari,Wenadori Balazari,1981-11-20,1977-04-08,0
validation,SYN-0136,SYN-0136,Kemibala Lomafena,Lomafena Kemibala,1994-03-09,1994-03-09,1
validation,SYN-0136,SYN-0180,Lomafena Kemibala,Senanari Lomawena,,1991-09-02,0
validation,SYN-0592,SYN-0592,Lomabala Zaribala,Zaribala Lomabala,1984-12-24,1984-12-24,1
validation,SYN-0592,SYN-0126,Lomakemi Lomakemi,Lomakemi Lomakemi,,1998-12-09,0
validation,SYN-0336,SYN-0336,Zarizari Palosena,Zarizari Palosena,1986-07-27,1986-07-27,1
validation,SYN-0336,SYN-0455,Zarizari Palosena,Palobala Balasena,1986-07-27,1995-07-01,0
validation,SYN-0126,SYN-0126,Lomakemi Lomakem,Lomakemi Lomakemi,1998-12-09,1998-12-09,1
validation,SYN-0126,SYN-0119,Lomakemi Lomakemi,Lomadori Senawena,1998-12-09,1981-01-28,0
validation,SYN-0537,SYN-0537,Kemiwena Fenazari,Kemiwena Fenazari,1968-04-05,1968-04-05,1
validation,SYN-0537,SYN-0340,Fenakemi Fenafena,Fenakemi Fenafena,,1980-12-08,0
validation,SYN-0081,SYN-0081,Senakemi Wenanar,Senakemi Wenanari,1980-07-23,1980-07-23,1
validation,SYN-0081,SYN-0495,Naridori Palotovi,Naridori Palotovi,1980-07-23,1990-10-13,0
validation,SYN-0119,SYN-0119,Senawena Lomadori,Lomadori Senawena,1981-01-28,1981-01-28,1
validation,SYN-0119,SYN-0413,Lomadori Senawena,Senapalo Balapalo,,1968-09-14,0
validation,SYN-0299,SYN-0299,Senanari Dorikem,Senanari Dorikemi,1975-05-04,1975-05-04,1
validation,SYN-0299,SYN-0154,Zariloma Tovikemi,Zariloma Tovikemi,,1961-02-08,0
validation,SYN-0512,SYN-0512,Narinari Balazari,Narinari Balazari,1973-04-09,1973-04-09,1
validation,SYN-0512,SYN-0303,Narinari Balazari,Toviloma Galotovi,,1986-03-22,0
validation,SYN-0495,SYN-0495,Palotovi Naridori,Naridori Palotovi,,1990-10-13,1
validation,SYN-0495,SYN-0090,Wenatovi Galozari,Wenatovi Galozari,,1984-08-13,0
validation,SYN-0585,SYN-0585,Galonari Zariloma,Galonari Zariloma,1971-01-01,1977-02-19,1
validation,SYN-0585,SYN-0398,Wenakemi Zarifena,Wenakemi Zarifena,1977-02-19,1960-12-11,0
validation,SYN-0241,SYN-0241,Kemiloma Lomabala,Kemiloma Lomabala,1971-03-19,1971-03-19,1
validation,SYN-0241,SYN-0559,Dorifena Doritovi,Dorifena Doritovi,1971-03-19,1984-06-14,0
validation,SYN-0566,SYN-0566,Tovinari Lomasen,Tovinari Lomasena,,1971-08-25,1
validation,SYN-0566,SYN-0277,Tovinari Lomasena,Fenaloma Kemiwena,1971-08-25,1985-03-20,0
validation,SYN-0029,SYN-0029,Dorizeri Palodori,Dorizari Palodori,1994-03-05,1994-03-05,1
validation,SYN-0029,SYN-0519,Fenaloma Zarifena,Fenaloma Zarifena,,1992-07-14,0
validation,SYN-0559,SYN-0559,Dorifena Doritovi,Dorifena Doritovi,1984-06-14,1984-06-14,1
validation,SYN-0559,SYN-0010,Galodori Narikemi,Galodori Narikemi,,1989-11-27,0
validation,SYN-0398,SYN-0398,Wenekemi Zarifena,Wenakemi Zarifena,1960-12-11,1960-12-11,1
validation,SYN-0398,SYN-0014,Wenazari Senagalo,Wenazari Senagalo,1960-12-11,1980-01-08,0
validation,SYN-0415,SYN-0415,Balanari Kemizari,Kemizari Balanari,,1976-01-24,1
validation,SYN-0415,SYN-0429,Wenaloma Galokemi,Wenaloma Galokemi,1976-01-24,1969-11-17,0
validation,SYN-0458,SYN-0458,Senafena Galogal,Senafena Galogalo,1999-09-09,1999-09-09,1
validation,SYN-0458,SYN-0081,Senakemi Wenanari,Senakemi Wenanari,1999-09-09,1980-07-23,0
validation,SYN-0015,SYN-0015,Narikemi Balaloma,Balaloma Narikemi,1964-04-19,1964-04-19,1
validation,SYN-0015,SYN-0301,Balaloma Narikemi,Doripalo Tovisena,,1961-11-17,0
validation,SYN-0112,SYN-0112,Galobala Tovifena,Galobala Tovifena,,1975-03-16,1
validation,SYN-0112,SYN-0174,Galobala Tovifena,Galonari Balaloma,1975-03-16,1990-12-26,0
test,SYN-0305,SYN-0305,Senasena Senabal,Senasena Senabala,1984-08-02,1984-08-02,1
test,SYN-0305,SYN-0168,Senasena Senabala,Naripalo Palogalo,1984-08-02,1989-09-05,0
test,SYN-0163,SYN-0163,Pelobala Galokemi,Palobala Galokemi,,1995-03-10,1
test,SYN-0163,SYN-0140,Dorinari Palodori,Dorinari Palodori,,1996-11-22,0
test,SYN-0013,SYN-0013,Senazari Galofena,Senazari Galofena,1989-07-09,1989-07-09,1
test,SYN-0013,SYN-0220,Senazari Galofena,Senadori Zaridori,,1990-08-25,0
test,SYN-0583,SYN-0583,Balapalo Balagalo,Balagalo Balapalo,1983-07-05,1983-07-05,1
test,SYN-0583,SYN-0339,Balagalo Balapalo,Fenafena Narisena,,1963-02-17,0
test,SYN-0138,SYN-0138,Palodori Balatovi,Palodori Balatovi,1978-08-16,1978-08-16,1
test,SYN-0138,SYN-0474,Tovikemi Galozari,Tovikemi Galozari,,1964-02-09,0
test,SYN-0198,SYN-0198,Narifena Galofena,Narifena Galofena,1994-06-17,1994-06-17,1
test,SYN-0198,SYN-0254,Palodori Lomatovi,Palodori Lomatovi,1994-06-17,1987-10-13,0
test,SYN-0164,SYN-0164,Palozari Palodor,Palozari Palodori,1961-11-20,1961-11-20,1
test,SYN-0164,SYN-0195,Kemiwena Zariwena,Kemiwena Zariwena,,1968-11-04,0
test,SYN-0257,SYN-0257,Naritovi Dorigalo,Dorigalo Naritovi,,1985-09-03,1
test,SYN-0257,SYN-0525,Dorigalo Naritovi,Palonari Zaripalo,1985-09-03,1991-03-03,0
test,SYN-0289,SYN-0289,Keminari Senasena,Keminari Senasena,1986-03-27,1986-03-27,1
test,SYN-0289,SYN-0094,Keminari Senasena,Senasena Toviloma,,1988-10-27,0
test,SYN-0467,SYN-0467,Fenezari Naridori,Fenazari Naridori,1979-03-19,1979-03-19,1
test,SYN-0467,SYN-0404,Lomazari Galobala,Lomazari Galobala,1979-03-19,1967-08-10,0
test,SYN-0529,SYN-0529,Senaloma Senabal,Senaloma Senabala,1971-01-01,1988-09-07,1
test,SYN-0529,SYN-0410,Senaloma Senabala,Doritovi Doribala,1988-09-07,1995-09-07,0
test,SYN-0248,SYN-0248,Naridori Kemiwena,Naridori Kemiwena,,1997-08-17,1
test,SYN-0248,SYN-0552,Fenatovi Galosena,Fenatovi Galosena,1997-08-17,1988-01-01,0
test,SYN-0497,SYN-0497,Lomazari Senatov,Lomazari Senatovi,,2000-02-04,1
test,SYN-0497,SYN-0202,Naribala Kemisena,Naribala Kemisena,2000-02-04,1967-08-12,0
test,SYN-0501,SYN-0501,Zarisena Senatovi,Zarisena Senatovi,1996-04-15,1996-04-15,1
test,SYN-0501,SYN-0102,Zarisena Senatovi,Tovizari Balatovi,1984-08-01,1984-08-01,0
test,SYN-0245,SYN-0245,Doribela Fenafena,Doribala Fenafena,,1999-01-22,1
test,SYN-0245,SYN-0400,Wenanari Narisena,Wenanari Narisena,,1980-02-13,0
test,SYN-0183,SYN-0183,Zerikemi Balabala,Zarikemi Balabala,1980-01-10,1980-01-10,1
test,SYN-0183,SYN-0127,Senabala Senagalo,Senabala Senagalo,,1965-04-24,0
test,SYN-0365,SYN-0365,Senenari Senabala,Senanari Senabala,,1962-01-05,1
test,SYN-0365,SYN-0392,Kemiwena Baladori,Kemiwena Baladori,1962-01-05,1996-04-18,0
test,SYN-0400,SYN-0400,Narisena Wenanari,Wenanari Narisena,1980-02-13,1980-02-13,1
test,SYN-0400,SYN-0266,Lomasena Dorikemi,Lomasena Dorikemi,1989-08-02,1989-08-02,0
test,SYN-0195,SYN-0195,Kemiwena Zariwena,Kemiwena Zariwena,1968-11-04,1968-11-04,1
test,SYN-0195,SYN-0497,Lomazari Senatovi,Lomazari Senatovi,2000-02-04,2000-02-04,0
test,SYN-0009,SYN-0009,Zaridori Balawena,Zaridori Balawena,1974-05-03,1974-05-03,1
test,SYN-0009,SYN-0414,Zaridori Balawena,Palotovi Balasena,1974-05-03,1989-11-26,0
test,SYN-0406,SYN-0406,Lomatovi Wenakemi,Wenakemi Lomatovi,,1974-04-05,1
test,SYN-0406,SYN-0176,Fenasena Toviloma,Fenasena Toviloma,1974-04-05,1966-08-04,0
test,SYN-0278,SYN-0278,Kemisena Zaridori,Zaridori Kemisena,1984-11-26,1984-11-26,1
test,SYN-0278,SYN-0553,Zariloma Dorinari,Zariloma Dorinari,1984-11-26,1968-08-03,0
test,SYN-0552,SYN-0552,Galosena Fenatovi,Fenatovi Galosena,,1988-01-01,1
test,SYN-0552,SYN-0195,Kemiwena Zariwena,Kemiwena Zariwena,1988-01-01,1968-11-04,0
test,SYN-0322,SYN-0322,Fenabala Fenatovi,Fenabala Fenatovi,1988-01-05,1988-01-05,1
test,SYN-0322,SYN-0093,Senagalo Doripalo,Senagalo Doripalo,1988-01-05,1968-08-22,0
test,SYN-0127,SYN-0127,Senebala Senagalo,Senabala Senagalo,1965-04-24,1965-04-24,1
test,SYN-0127,SYN-0089,Balagalo Palotovi,Balagalo Palotovi,,1964-08-14,0
test,SYN-0269,SYN-0269,Palotovi Wenagalo,Palotovi Wenagalo,1980-10-16,1980-10-16,1
test,SYN-0269,SYN-0366,Palotovi Wenagalo,Zariloma Palosena,1980-10-16,1989-03-20,0
test,SYN-0408,SYN-0408,Zarisena Palosen,Zarisena Palosena,,1973-04-22,1
test,SYN-0408,SYN-0138,Palodori Balatovi,Palodori Balatovi,1978-08-16,1978-08-16,0
test,SYN-0452,SYN-0452,Balanari Wenabala,Wenabala Balanari,1968-11-08,1968-11-08,1
test,SYN-0452,SYN-0198,Narifena Galofena,Narifena Galofena,1968-11-08,1994-06-17,0
test,SYN-0329,SYN-0329,Palogalo Dorifena,Palogalo Dorifena,1964-08-06,1964-08-06,1
test,SYN-0329,SYN-0548,Fenawena Kemifena,Fenawena Kemifena,,1977-02-21,0
test,SYN-0102,SYN-0102,Tovizeri Balatovi,Tovizari Balatovi,,1984-08-01,1
test,SYN-0102,SYN-0066,Tovizari Balatovi,Fenanari Fenabala,1984-08-01,1979-06-26,0
test,SYN-0214,SYN-0214,Wenawena Tovibal,Wenawena Tovibala,1963-06-08,1963-06-08,1
test,SYN-0214,SYN-0076,Wenawena Tovibala,Tovinari Lomazari,1980-07-20,1980-07-20,0
test,SYN-0140,SYN-0140,Dorinari Palodor,Dorinari Palodori,1996-11-22,1996-11-22,1
test,SYN-0140,SYN-0321,Wenawena Nariloma,Wenawena Nariloma,1996-11-22,1992-12-22,0
test,SYN-0392,SYN-0392,Baladori Kemiwena,Kemiwena Baladori,1996-04-18,1996-04-18,1
test,SYN-0392,SYN-0501,Kemiwena Baladori,Zarisena Senatovi,,1996-04-15,0
test,SYN-0524,SYN-0524,Narisena Senawena,Narisena Senawena,1991-07-22,1991-07-22,1
test,SYN-0524,SYN-0012,Narisena Senawena,Zariwena Wenadori,,1998-11-06,0
test,SYN-0089,SYN-0089,Balagalo Palotovi,Balagalo Palotovi,,1964-08-14,1
test,SYN-0089,SYN-0364,Balagalo Palotovi,Lomaloma Senaloma,,1969-04-20,0
test,SYN-0062,SYN-0062,Wenanari Baladori,Baladori Wenanari,1977-01-01,1977-01-01,1
test,SYN-0062,SYN-0092,Narigalo Fenazari,Narigalo Fenazari,1993-08-02,1993-08-02,0
test,SYN-0490,SYN-0490,Galoloma Narikemi,Galoloma Narikemi,,1985-06-04,1
test,SYN-0490,SYN-0214,Galoloma Narikemi,Wenawena Tovibala,,1963-06-08,0
test,SYN-0421,SYN-0421,Zarigalo Balabal,Zarigalo Balabala,,1979-08-22,1
test,SYN-0421,SYN-0490,Zarigalo Balabala,Galoloma Narikemi,,1985-06-04,0
test,SYN-0510,SYN-0510,Neriwena Fenafena,Nariwena Fenafena,2000-11-14,2000-11-14,1
test,SYN-0510,SYN-0122,Nariwena Fenafena,Wenakemi Tovisena,2000-11-14,1990-08-14,0
test,SYN-0302,SYN-0302,Tovigelo Zarifena,Tovigalo Zarifena,1978-07-01,1978-07-01,1
test,SYN-0302,SYN-0066,Fenanari Fenabala,Fenanari Fenabala,1978-07-01,1979-06-26,0
test,SYN-0251,SYN-0251,Lomedori Balapalo,Lomadori Balapalo,1987-03-05,1987-03-05,1
test,SYN-0251,SYN-0151,Balafena Kemitovi,Balafena Kemitovi,,1996-05-15,0
test,SYN-0035,SYN-0035,Wenabala Galodori,Wenabala Galodori,,1962-06-03,1
test,SYN-0035,SYN-0125,Wenabala Galodori,Lomabala Paloloma,1962-06-03,1971-08-07,0
test,SYN-0152,SYN-0152,Doripalo Zarikemi,Doripalo Zarikemi,1985-05-17,1985-05-17,1
test,SYN-0152,SYN-0529,Senaloma Senabala,Senaloma Senabala,1985-05-17,1988-09-07,0
test,SYN-0456,SYN-0456,Balasena Zarikemi,Balasena Zarikemi,,1994-05-01,1
test,SYN-0456,SYN-0178,Balasena Zarikemi,Wenafena Doripalo,1994-05-01,1976-06-20,0
test,SYN-0286,SYN-0286,Wenezari Galopalo,Wenazari Galopalo,1999-05-25,1999-05-25,1
test,SYN-0286,SYN-0108,Palofena Balakemi,Palofena Balakemi,1984-06-07,1984-06-07,0
test,SYN-0281,SYN-0281,Lomapalo Fenagalo,Fenagalo Lomapalo,1972-04-05,1972-04-05,1
test,SYN-0281,SYN-0271,Dorisena Wenafena,Dorisena Wenafena,,1962-04-23,0
test,SYN-0191,SYN-0191,Toviloma Galonari,Galonari Toviloma,,1996-05-23,1
test,SYN-0191,SYN-0552,Galonari Toviloma,Fenatovi Galosena,,1988-01-01,0
test,SYN-0219,SYN-0219,Balafena Kemibala,Balafena Kemibala,1968-12-14,1968-12-14,1
test,SYN-0219,SYN-0063,Balafena Kemibala,Lomafena Wenakemi,1968-12-14,1970-12-15,0
test,SYN-0362,SYN-0362,Dorineri Senapalo,Dorinari Senapalo,,1995-05-27,1
test,SYN-0362,SYN-0122,Wenakemi Tovisena,Wenakemi Tovisena,1990-08-14,1990-08-14,0
test,SYN-0176,SYN-0176,Fenesena Toviloma,Fenasena Toviloma,1966-08-04,1966-08-04,1
test,SYN-0176,SYN-0265,Palopalo Wenakemi,Palopalo Wenakemi,,1977-10-02,0
test,SYN-0436,SYN-0436,Fenanari Galokemi,Fenanari Galokemi,1973-06-21,1973-06-21,1
test,SYN-0436,SYN-0463,Fenanari Galokemi,Fenadori Palonari,1973-06-21,1981-10-28,0
test,SYN-0391,SYN-0391,Wenepalo Palowena,Wenapalo Palowena,1972-05-11,1972-05-11,1
test,SYN-0391,SYN-0031,Tovinari Galosena,Tovinari Galosena,,1972-12-10,0
test,SYN-0030,SYN-0030,Senafena Wenapalo,Wenapalo Senafena,,1976-09-28,1
test,SYN-0030,SYN-0306,Wenapalo Senafena,Wenanari Lomakemi,,1961-06-26,0
test,SYN-0508,SYN-0508,Wenafena Zarigal,Wenafena Zarigalo,1993-03-18,1993-03-18,1
test,SYN-0508,SYN-0473,Wenafena Zarigalo,Narifena Wenatovi,,1984-02-25,0
test,SYN-0404,SYN-0404,Lomazari Galobala,Lomazari Galobala,,1967-08-10,1
test,SYN-0404,SYN-0245,Doribala Fenafena,Doribala Fenafena,1999-01-22,1999-01-22,0
test,SYN-0443,SYN-0443,Senawena Lomakemi,Senawena Lomakemi,1976-06-17,1976-06-17,1
test,SYN-0443,SYN-0227,Kemipalo Senatovi,Kemipalo Senatovi,1976-06-17,1987-02-26,0
test,SYN-0172,SYN-0172,Senapalo Lomaloma,Senapalo Lomaloma,1971-01-01,1995-09-13,1
test,SYN-0172,SYN-0473,Senapalo Lomaloma,Narifena Wenatovi,1995-09-13,1984-02-25,0
test,SYN-0051,SYN-0051,Galotovi Tovibala,Galotovi Tovibala,1999-02-14,1999-02-14,1
test,SYN-0051,SYN-0381,Galotovi Tovibala,Galogalo Kemisena,1979-04-10,1979-04-10,0
test,SYN-0472,SYN-0472,Kemipalo Palogalo,Kemipalo Palogalo,1971-01-01,1982-09-13,1
test,SYN-0472,SYN-0013,Senazari Galofena,Senazari Galofena,,1989-07-09,0
test,SYN-0043,SYN-0043,Balawena Senabala,Balawena Senabala,1965-04-06,1965-04-06,1
test,SYN-0043,SYN-0104,Balawena Senabala,Senatovi Galopalo,1965-04-06,1974-05-14,0
test,SYN-0125,SYN-0125,Paloloma Lomabala,Lomabala Paloloma,,1971-08-07,1
test,SYN-0125,SYN-0339,Fenafena Narisena,Fenafena Narisena,,1963-02-17,0
test,SYN-0339,SYN-0339,Fenefena Narisena,Fenafena Narisena,1963-02-17,1963-02-17,1
test,SYN-0339,SYN-0525,Fenafena Narisena,Palonari Zaripalo,,1991-03-03,0
test,SYN-0094,SYN-0094,Senasena Toviloma,Senasena Toviloma,1988-10-27,1988-10-27,1
test,SYN-0094,SYN-0031,Senasena Toviloma,Tovinari Galosena,1988-10-27,1972-12-10,0
test,SYN-0131,SYN-0131,Senasena Lomanar,Senasena Lomanari,1995-06-12,1995-06-12,1
test,SYN-0131,SYN-0093,Senagalo Doripalo,Senagalo Doripalo,,1968-08-22,0
test,SYN-0454,SYN-0454,Lomabala Toviwen,Lomabala Toviwena,1999-08-22,1999-08-22,1
test,SYN-0454,SYN-0508,Lomabala Toviwena,Wenafena Zarigalo,,1993-03-18,0
test,SYN-0553,SYN-0553,Dorinari Zariloma,Zariloma Dorinari,1968-08-03,1968-08-03,1
test,SYN-0553,SYN-0524,Narisena Senawena,Narisena Senawena,1991-07-22,1991-07-22,0
test,SYN-0066,SYN-0066,Fenabala Fenanari,Fenanari Fenabala,1979-06-26,1979-06-26,1
test,SYN-0066,SYN-0245,Fenanari Fenabala,Doribala Fenafena,,1999-01-22,0
test,SYN-0022,SYN-0022,Kemisene Balawena,Kemisena Balawena,1967-11-18,1967-11-18,1
test,SYN-0022,SYN-0220,Senadori Zaridori,Senadori Zaridori,,1990-08-25,0
test,SYN-0076,SYN-0076,Tovinari Lomazar,Tovinari Lomazari,1980-07-20,1980-07-20,1
test,SYN-0076,SYN-0124,Tovinari Lomazari,Palogalo Palotovi,1980-07-20,1999-11-13,0
test,SYN-0265,SYN-0265,Palopalo Wenakemi,Palopalo Wenakemi,1977-10-02,1977-10-02,1
test,SYN-0265,SYN-0151,Balafena Kemitovi,Balafena Kemitovi,1996-05-15,1996-05-15,0
test,SYN-0086,SYN-0086,Senapalo Wenagalo,Wenagalo Senapalo,1971-01-01,1970-11-03,1
test,SYN-0086,SYN-0501,Zarisena Senatovi,Zarisena Senatovi,,1996-04-15,0
test,SYN-0381,SYN-0381,Gelogalo Kemisena,Galogalo Kemisena,,1979-04-10,1
test,SYN-0381,SYN-0172,Galogalo Kemisena,Senapalo Lomaloma,1979-04-10,1995-09-13,0
test,SYN-0410,SYN-0410,Doritovi Doribal,Doritovi Doribala,1995-09-07,1995-09-07,1
test,SYN-0410,SYN-0400,Wenanari Narisena,Wenanari Narisena,1980-02-13,1980-02-13,0
test,SYN-0202,SYN-0202,Kemisena Naribala,Naribala Kemisena,,1967-08-12,1
test,SYN-0202,SYN-0456,Balasena Zarikemi,Balasena Zarikemi,,1994-05-01,0
test,SYN-0133,SYN-0133,Zarigalo Lomadori,Zarigalo Lomadori,1994-12-06,1994-12-06,1
test,SYN-0133,SYN-0009,Zarigalo Lomadori,Zaridori Balawena,1994-12-06,1974-05-03,0
test,SYN-0227,SYN-0227,Kemipalo Senatov,Kemipalo Senatovi,1987-02-26,1987-02-26,1
test,SYN-0227,SYN-0030,Kemipalo Senatovi,Wenapalo Senafena,1987-02-26,1976-09-28,0
test,SYN-0063,SYN-0063,Lomefena Wenakemi,Lomafena Wenakemi,1970-12-15,1970-12-15,1
test,SYN-0063,SYN-0220,Senadori Zaridori,Senadori Zaridori,1970-12-15,1990-08-25,0
test,SYN-0012,SYN-0012,Wenadori Zariwena,Zariwena Wenadori,,1998-11-06,1
test,SYN-0012,SYN-0220,Senadori Zaridori,Senadori Zaridori,1990-08-25,1990-08-25,0
test,SYN-0124,SYN-0124,Palogalo Palotov,Palogalo Palotovi,1971-01-01,1999-11-13,1
test,SYN-0124,SYN-0473,Palogalo Palotovi,Narifena Wenatovi,1999-11-13,1984-02-25,0
test,SYN-0143,SYN-0143,Senenari Palopalo,Senanari Palopalo,1979-10-14,1979-10-14,1
test,SYN-0143,SYN-0306,Wenanari Lomakemi,Wenanari Lomakemi,1979-10-14,1961-06-26,0
test,SYN-0104,SYN-0104,Senetovi Galopalo,Senatovi Galopalo,,1974-05-14,1
test,SYN-0104,SYN-0022,Senatovi Galopalo,Kemisena Balawena,1967-11-18,1967-11-18,0
test,SYN-0473,SYN-0473,Narifena Wenatov,Narifena Wenatovi,1984-02-25,1984-02-25,1
test,SYN-0473,SYN-0143,Narifena Wenatovi,Senanari Palopalo,1984-02-25,1979-10-14,0
test,SYN-0096,SYN-0096,Palopalo Kemigalo,Palopalo Kemigalo,2000-05-25,2000-05-25,1
test,SYN-0096,SYN-0529,Senaloma Senabala,Senaloma Senabala,2000-05-25,1988-09-07,0
test,SYN-0255,SYN-0255,Zariwena Narikem,Zariwena Narikemi,1967-07-01,1967-07-01,1
test,SYN-0255,SYN-0452,Wenabala Balanari,Wenabala Balanari,1967-07-01,1968-11-08,0
test,SYN-0563,SYN-0563,Zarinari Kemiwen,Zarinari Kemiwena,,1963-04-16,1
test,SYN-0563,SYN-0265,Palopalo Wenakemi,Palopalo Wenakemi,1977-10-02,1977-10-02,0
test,SYN-0463,SYN-0463,Fenadori Palonari,Fenadori Palonari,1981-10-28,1981-10-28,1
test,SYN-0463,SYN-0257,Fenadori Palonari,Dorigalo Naritovi,1981-10-28,1985-09-03,0
test,SYN-0414,SYN-0414,Balasena Palotovi,Palotovi Balasena,,1989-11-26,1
test,SYN-0414,SYN-0183,Zarikemi Balabala,Zarikemi Balabala,,1980-01-10,0
test,SYN-0031,SYN-0031,Tovineri Galosena,Tovinari Galosena,1972-12-10,1972-12-10,1
test,SYN-0031,SYN-0133,Zarigalo Lomadori,Zarigalo Lomadori,1972-12-10,1994-12-06,0
test,SYN-0178,SYN-0178,Wenafena Doripal,Wenafena Doripalo,1976-06-20,1976-06-20,1
test,SYN-0178,SYN-0311,Wenafena Doripalo,Galobala Galobala,,1980-05-17,0
test,SYN-0266,SYN-0266,Lomasena Dorikemi,Lomasena Dorikemi,1989-08-02,1989-08-02,1
test,SYN-0266,SYN-0035,Wenabala Galodori,Wenabala Galodori,1962-06-03,1962-06-03,0
test,SYN-0306,SYN-0306,Wenanari Lomakemi,Wenanari Lomakemi,,1961-06-26,1
test,SYN-0306,SYN-0315,Fenapalo Zaripalo,Fenapalo Zaripalo,1983-09-09,1983-09-09,0
test,SYN-0050,SYN-0050,Tovidori Wenagal,Tovidori Wenagalo,1985-02-19,1985-02-19,1
test,SYN-0050,SYN-0219,Tovidori Wenagalo,Balafena Kemibala,1985-02-19,1968-12-14,0
test,SYN-0525,SYN-0525,Palonari Zaripalo,Palonari Zaripalo,1991-03-03,1991-03-03,1
test,SYN-0525,SYN-0473,Narifena Wenatovi,Narifena Wenatovi,1991-03-03,1984-02-25,0
test,SYN-0405,SYN-0405,Fenanari Wenasena,Fenanari Wenasena,1979-12-04,1979-12-04,1
test,SYN-0405,SYN-0406,Wenakemi Lomatovi,Wenakemi Lomatovi,1974-04-05,1974-04-05,0
test,SYN-0364,SYN-0364,Lomaloma Senalom,Lomaloma Senaloma,1969-04-20,1969-04-20,1
test,SYN-0364,SYN-0022,Kemisena Balawena,Kemisena Balawena,1967-11-18,1967-11-18,0
test,SYN-0254,SYN-0254,Palodori Lomatov,Palodori Lomatovi,1987-10-13,1987-10-13,1
test,SYN-0254,SYN-0183,Palodori Lomatovi,Zarikemi Balabala,,1980-01-10,0
test,SYN-0093,SYN-0093,Senegalo Doripalo,Senagalo Doripalo,,1968-08-22,1
test,SYN-0093,SYN-0219,Balafena Kemibala,Balafena Kemibala,,1968-12-14,0
test,SYN-0151,SYN-0151,Kemitovi Balafena,Balafena Kemitovi,1996-05-15,1996-05-15,1
test,SYN-0151,SYN-0227,Kemipalo Senatovi,Kemipalo Senatovi,,1987-02-26,0
test,SYN-0335,SYN-0335,Senefena Tovidori,Senafena Tovidori,,1964-05-13,1
test,SYN-0335,SYN-0094,Senasena Toviloma,Senasena Toviloma,,1988-10-27,0
test,SYN-0220,SYN-0220,Zaridori Senadori,Senadori Zaridori,1990-08-25,1990-08-25,1
test,SYN-0220,SYN-0410,Doritovi Doribala,Doritovi Doribala,1990-08-25,1995-09-07,0
test,SYN-0041,SYN-0041,Galogalo Senapal,Galogalo Senapalo,1968-07-06,1968-07-06,1
test,SYN-0041,SYN-0472,Galogalo Senapalo,Kemipalo Palogalo,,1982-09-13,0
test,SYN-0311,SYN-0311,Gelobala Galobala,Galobala Galobala,,1980-05-17,1
test,SYN-0311,SYN-0143,Senanari Palopalo,Senanari Palopalo,1979-10-14,1979-10-14,0
test,SYN-0161,SYN-0161,Balawena Narisena,Narisena Balawena,1994-08-14,1994-08-14,1
test,SYN-0161,SYN-0364,Lomaloma Senaloma,Lomaloma Senaloma,,1969-04-20,0
test,SYN-0092,SYN-0092,Fenazari Narigalo,Narigalo Fenazari,1993-08-02,1993-08-02,1
test,SYN-0092,SYN-0306,Wenanari Lomakemi,Wenanari Lomakemi,1993-08-02,1961-06-26,0
test,SYN-0122,SYN-0122,Tovisena Wenakemi,Wenakemi Tovisena,,1990-08-14,1
test,SYN-0122,SYN-0202,Wenakemi Tovisena,Naribala Kemisena,1990-08-14,1967-08-12,0
test,SYN-0271,SYN-0271,Dorisena Wenafena,Dorisena Wenafena,1971-01-01,1962-04-23,1
test,SYN-0271,SYN-0563,Dorisena Wenafena,Zarinari Kemiwena,,1963-04-16,0
test,SYN-0474,SYN-0474,Tovikemi Galozar,Tovikemi Galozari,,1964-02-09,1
test,SYN-0474,SYN-0321,Wenawena Nariloma,Wenawena Nariloma,1992-12-22,1992-12-22,0
test,SYN-0315,SYN-0315,Fenepalo Zaripalo,Fenapalo Zaripalo,1971-01-01,1983-09-09,1
test,SYN-0315,SYN-0548,Fenapalo Zaripalo,Fenawena Kemifena,,1977-02-21,0
test,SYN-0462,SYN-0462,Palobala Narisena,Narisena Palobala,2000-01-23,2000-01-23,1
test,SYN-0462,SYN-0392,Kemiwena Baladori,Kemiwena Baladori,2000-01-23,1996-04-18,0
test,SYN-0212,SYN-0212,Weneloma Senawena,Wenaloma Senawena,,1982-01-13,1
test,SYN-0212,SYN-0248,Naridori Kemiwena,Naridori Kemiwena,1982-01-13,1997-08-17,0
test,SYN-0366,SYN-0366,Palosena Zariloma,Zariloma Palosena,1989-03-20,1989-03-20,1
test,SYN-0366,SYN-0583,Zariloma Palosena,Balagalo Balapalo,,1983-07-05,0
test,SYN-0548,SYN-0548,Fenawena Kemifen,Fenawena Kemifena,1977-02-21,1977-02-21,1
test,SYN-0548,SYN-0362,Fenawena Kemifena,Dorinari Senapalo,,1995-05-27,0
test,SYN-0123,SYN-0123,Zaritovi Kemilom,Zaritovi Kemiloma,1975-02-09,1975-02-09,1
test,SYN-0123,SYN-0131,Senasena Lomanari,Senasena Lomanari,1975-02-09,1995-06-12,0
test,SYN-0416,SYN-0416,Gelotovi Doribala,Galotovi Doribala,,1987-06-23,1
test,SYN-0416,SYN-0030,Wenapalo Senafena,Wenapalo Senafena,1976-09-28,1976-09-28,0
test,SYN-0321,SYN-0321,Nariloma Wenawena,Wenawena Nariloma,,1992-12-22,1
test,SYN-0321,SYN-0414,Palotovi Balasena,Palotovi Balasena,1992-12-22,1989-11-26,0
test,SYN-0477,SYN-0477,Lomakemi Dorifen,Lomakemi Dorifena,,1965-03-14,1
test,SYN-0477,SYN-0529,Lomakemi Dorifena,Senaloma Senabala,1965-03-14,1988-09-07,0
test,SYN-0460,SYN-0460,Tovigalo Zarigal,Tovigalo Zarigalo,1979-11-27,1979-11-27,1
test,SYN-0460,SYN-0041,Galogalo Senapalo,Galogalo Senapalo,1979-11-27,1968-07-06,0
test,SYN-0168,SYN-0168,Naripalo Palogalo,Naripalo Palogalo,,1989-09-05,1
test,SYN-0168,SYN-0474,Naripalo Palogalo,Tovikemi Galozari,,1964-02-09,0
test,SYN-0108,SYN-0108,Balakemi Palofena,Palofena Balakemi,1984-06-07,1984-06-07,1
test,SYN-0108,SYN-0063,Lomafena Wenakemi,Lomafena Wenakemi,1984-06-07,1970-12-15,0
test,SYN-0159,SYN-0159,Narizari Palokem,Narizari Palokemi,1985-09-02,1985-09-02,1
test,SYN-0159,SYN-0198,Narifena Galofena,Narifena Galofena,,1994-06-17,0
