category,priority_score,label,clean_file,source_file,extension,bytes,sha256
giaba,24,GIABA / 1c533e7e5e8ca34efa1af7c8390ae014faaace33b531dc94589c75ab67a87bfd-2ND_MER_COTE-D-IVOIRE_2023_ENG.pdf.pdf,02_giaba_evaluations_typologies\GIABA _ 1c533e7e5e8ca34efa1af7c8390ae014faaace33b531dc94589c75ab67a87bfd-2ND_MER_COTE-D-IVOIRE_2023_ENG.pdf.pdf,assets\giaba-org__Frame__pdfviewer-1c533e7e5e8ca34efa1af7c8390ae014faaace33b531dc94589c75ab67a87bfd-2ND_MER_COTE-D-IVOIRE_2023_ENG.pdf--d62714d774.pdf,.pdf,20941,874e5c0b6b59e81a019fedecf6f977bafaa9bc8a0459b40eac104279bf430587
giaba,24,GIABA / 71769fe433842134d9753df35dbc4b92d42aa0458d9fe2890e1981627f2dfb23-2ND_MER_NIGER.pdf.pdf,02_giaba_evaluations_typologies\GIABA _ 71769fe433842134d9753df35dbc4b92d42aa0458d9fe2890e1981627f2dfb23-2ND_MER_NIGER.pdf.pdf,assets\giaba-org__Frame__pdfviewer-71769fe433842134d9753df35dbc4b92d42aa0458d9fe2890e1981627f2dfb23-2ND_MER_NIGER.pdf--31402c7be9.pdf,.pdf,20907,cf62aa97f85a30173f9c6d826542f168fe3f569b7c7fdbce849239fba3966b86
giaba,24,GIABA / b6aec07cde973c0ae8c740b6ba0bd488869f18f03b29fe1bf7b1d94bd72cd25c-1ST_EFUR_2ND_MER_NIGERIA.pdf.pdf,02_giaba_evaluations_typologies\GIABA _ b6aec07cde973c0ae8c740b6ba0bd488869f18f03b29fe1bf7b1d94bd72cd25c-1ST_EFUR_2ND_MER_NIGERIA.pdf.pdf,assets\giaba-org__Frame__pdfviewer-b6aec07cde973c0ae8c740b6ba0bd488869f18f03b29fe1bf7b1d94bd72cd25c-1ST_EFUR_2ND_MER_NIGERIA.pdf--31bd859493.pdf,.pdf,20929,afcde576d4224c1813b1fce82bbf002e05ee818920b6691ca362086b40f7b8c1
giaba,24,GIABA / d70c3ff3f0b8e4e0339311706590158a9d228fbaeedce472ea4f6e3a318142d8-2ND_MER_SENEGAL.pdf.pdf,02_giaba_evaluations_typologies\GIABA _ d70c3ff3f0b8e4e0339311706590158a9d228fbaeedce472ea4f6e3a318142d8-2ND_MER_SENEGAL.pdf.pdf,assets\giaba-org__Frame__pdfviewer-d70c3ff3f0b8e4e0339311706590158a9d228fbaeedce472ea4f6e3a318142d8-2ND_MER_SENEGAL.pdf--a1f9e0fb19.pdf,.pdf,20911,e38a85d666f88a5bc090ed06c8a0c97b63bf0ecccd3455aea5ee324c4c868030
giaba,24,GIABA / ea06d85a831297ce9cadbf1debfb824b8b4293854846597bfa517464f3715298-2ND_MER_NIGERIA.pdf.pdf,02_giaba_evaluations_typologies\GIABA _ ea06d85a831297ce9cadbf1debfb824b8b4293854846597bfa517464f3715298-2ND_MER_NIGERIA.pdf.pdf,assets\giaba-org__Frame__pdfviewer-ea06d85a831297ce9cadbf1debfb824b8b4293854846597bfa517464f3715298-2ND_MER_NIGERIA.pdf--61bd69bd40.pdf,.pdf,20911,cae9e2c0b5d28b5d5f5bfbdb8107b4eee676a9c1821a70be85e7dcde35dd3129
giaba,24,GIABA / ff9388b7977de582aa858179fb4c5b24b809b0aacfcdce9bf760c812321c3453-2ND_MER_BENIN.pdf.pdf,02_giaba_evaluations_typologies\GIABA _ ff9388b7977de582aa858179fb4c5b24b809b0aacfcdce9bf760c812321c3453-2ND_MER_BENIN.pdf.pdf,assets\giaba-org__Frame__pdfviewer-ff9388b7977de582aa858179fb4c5b24b809b0aacfcdce9bf760c812321c3453-2ND_MER_BENIN.pdf--1b1e27e129.pdf,.pdf,20907,00bbca9374eec85f34e286b1fb50e944a71901e8972c1252e991426571310db8
regulation,15,BCEAO / 2017-11 / directive_no02_2015_cm_uemoa_lbc_ft-2.pdf.pdf,01_reglementation_lbc_ft_fp\BCEAO _ 2017-11 _ directive_no02_2015_cm_uemoa_lbc_ft-2.pdf.pdf,assets\bceao-int__sites__default__files__2017-11__directive_no02_2015_cm_uemoa_lbc_ft-2.pdf--af5420c6f7.pdf,.pdf,316665,e58d46c6ff5e9aed29020ce1ed6b7eca7c738ad7962f6c1ab9a455fe006d1a0e
regulation,15,BCEAO / 2017-11 / instruction_no008_05_2015_intranet.pdf.pdf,01_reglementation_lbc_ft_fp\BCEAO _ 2017-11 _ instruction_no008_05_2015_intranet.pdf.pdf,assets\bceao-int__sites__default__files__2017-11__instruction_no008_05_2015_intranet.pdf--0fd6c78e59.pdf,.pdf,236242,53677634518f2e25fd97d15fafb255c21ec7ef837050243bbe02411811cb25ea
regulation,15,BCEAO / 2025-02 / Loi-uniforme-LBCFTFP-Mars 23-vf.pdf.pdf,01_reglementation_lbc_ft_fp\BCEAO _ 2025-02 _ Loi-uniforme-LBCFTFP-Mars 23-vf.pdf.pdf,assets\bceao-int__sites__default__files__2025-02__Loi-uniforme-LBCFTFP-Mars-2023-vf.pdf--a792b8121c.pdf,.pdf,432754,87d42c6090f0c7a29a3af61cdb44fa3c10cae6fc45089ac057ae5bdd1b987def
sanctions,15,BCEAO / 2026-08 / 154e_Session_CS-Publication_des_sanctions.pdf.pdf,03_sanctions_listes_surveillance\BCEAO _ 2026-08 _ 154e_Session_CS-Publication_des_sanctions.pdf.pdf,assets\bceao-int__sites__default__files__2026-08__154e_Session_CS-Publication_des_sanctions.pdf--4bd3b89e95.pdf,.pdf,112821,0aa46cc572906d67dd6b49cf202f587d78cdc961f9e8810feb33db19e8ad1db5
giaba,14,GIABA / 1adf30fea758b5f898c227f09b0c8ac72c434258f882a70e919c6693e3f5cb45-Executive-Summary-Mutual-Evaluation-R.pdf,02_giaba_evaluations_typologies\GIABA _ 1adf30fea758b5f898c227f09b0c8ac72c434258f882a70e919c6693e3f5cb45-Executive-Summary-Mutual-Evaluation-R.pdf,assets\giaba-org__Frame__pdfviewer-1adf30fea758b5f898c227f09b0c8ac72c434258f882a70e919c6693e3f5cb45-Executive-Summary-Mutual-Evaluation-R--b52970d218.pdf,.pdf,21075,26bef95f671c200a78317e88df449eefb7f70bca70a09a5e45ed1f8e9296ea87
giaba,14,GIABA / 1aea708f73b978230d0bcd62a0899259a375c93417dcb4de728107ac22cae728-THREAT-ASSESSMENT-REPORT.pdf.pdf,02_giaba_evaluations_typologies\GIABA _ 1aea708f73b978230d0bcd62a0899259a375c93417dcb4de728107ac22cae728-THREAT-ASSESSMENT-REPORT.pdf.pdf,assets\giaba-org__Frame__pdfviewer-1aea708f73b978230d0bcd62a0899259a375c93417dcb4de728107ac22cae728-THREAT-ASSESSMENT-REPORT.pdf--1fd430a414.pdf,.pdf,20937,4b73f19ed7d022c204783218dece490835d17f4bb0b631a1f0042a7360109fd8
giaba,14,GIABA / 1fbacc6a1e5c31e145bcce785263cc89044a0ca7abf6d562e6e15a26edef6a11-CBN-RESPONSE-TO-MUTUAL-EVALUATION-REP.pdf,02_giaba_evaluations_typologies\GIABA _ 1fbacc6a1e5c31e145bcce785263cc89044a0ca7abf6d562e6e15a26edef6a11-CBN-RESPONSE-TO-MUTUAL-EVALUATION-REP.pdf,assets\giaba-org__Frame__pdfviewer-1fbacc6a1e5c31e145bcce785263cc89044a0ca7abf6d562e6e15a26edef6a11-CBN-RESPONSE-TO-MUTUAL-EVALUATION-REP--a62cd73e53.pdf,.pdf,20995,4f9c1a3f4d7ff3df629198e4d61cd4a7b39efedb97d73e12b83cad5e2faef1a9
giaba,14,GIABA / 25352ae680319422a555400aa9d7357120abac50537107f35f78ea7eb29aa3aa-1ST_MER_COTE_DIVOIRE.pdf.pdf,02_giaba_evaluations_typologies\GIABA _ 25352ae680319422a555400aa9d7357120abac50537107f35f78ea7eb29aa3aa-1ST_MER_COTE_DIVOIRE.pdf.pdf,assets\giaba-org__Frame__pdfviewer-25352ae680319422a555400aa9d7357120abac50537107f35f78ea7eb29aa3aa-1ST_MER_COTE_DIVOIRE.pdf--18e753f27f.pdf,.pdf,20921,7bb31047a1b666602b6ca83ca1c7f8c014b5eadd40a377298dbef3c050fb7523
giaba,14,GIABA / 2e02ef28bdd8fb1a0563b39cc0d8baf40f24ec1971722508893504e1630ada53-1050_Nigeria---AML-CFT-Nationa-Risk-A.pdf,02_giaba_evaluations_typologies\GIABA _ 2e02ef28bdd8fb1a0563b39cc0d8baf40f24ec1971722508893504e1630ada53-1050_Nigeria---AML-CFT-Nationa-Risk-A.pdf,assets\giaba-org__Frame__pdfviewer-2e02ef28bdd8fb1a0563b39cc0d8baf40f24ec1971722508893504e1630ada53-1050_Nigeria---AML-CFT-Nationa-Risk-A--c4814ea3ae.pdf,.pdf,21049,5ce354f4642f4f2600305e8e450ab077edec2ffda20f03bc77d5b72d09f252b9
giaba,14,GIABA / 32e12813c7dd2f8af5c0675106ecd9814653c9aee601081ded4da64a08b574d7-MER_ASSESEMENT_CARBON-VERDE.pdf.pdf,02_giaba_evaluations_typologies\GIABA _ 32e12813c7dd2f8af5c0675106ecd9814653c9aee601081ded4da64a08b574d7-MER_ASSESEMENT_CARBON-VERDE.pdf.pdf,assets\giaba-org__Frame__pdfviewer-32e12813c7dd2f8af5c0675106ecd9814653c9aee601081ded4da64a08b574d7-MER_ASSESEMENT_CARBON-VERDE.pdf--f13ff246cd.pdf,.pdf,20939,d41650a77a83360cdf367c42ca9b57cbf5ae55ec1f8a9da4f4ef97c7ce7d1373
giaba,14,GIABA / 3c831718d744fef8a86037493273a2197c2b4d29c5e7ba1a026a940962cbeecc-MER_ES_GAMBIA.pdf.pdf,02_giaba_evaluations_typologies\GIABA _ 3c831718d744fef8a86037493273a2197c2b4d29c5e7ba1a026a940962cbeecc-MER_ES_GAMBIA.pdf.pdf,assets\giaba-org__Frame__pdfviewer-3c831718d744fef8a86037493273a2197c2b4d29c5e7ba1a026a940962cbeecc-MER_ES_GAMBIA.pdf--533d640dba.pdf,.pdf,20907,8fac479f269cc84e58252eb1dc9159e0907eb6f54f237fc9dce0f1ba849bfb18
giaba,14,GIABA / 3ef962840bd558520677d3fac7c0e845c9f595339a36c903cc2672bea6fc3919-1ER_MER_NIGERIA.pdf.pdf,02_giaba_evaluations_typologies\GIABA _ 3ef962840bd558520677d3fac7c0e845c9f595339a36c903cc2672bea6fc3919-1ER_MER_NIGERIA.pdf.pdf,assets\giaba-org__Frame__pdfviewer-3ef962840bd558520677d3fac7c0e845c9f595339a36c903cc2672bea6fc3919-1ER_MER_NIGERIA.pdf--5821e7c6b9.pdf,.pdf,20911,e671985860733e34796d1ad01c1a7f41da387ea7ceb44b5dd72d7bca1f2f04ad
giaba,14,GIABA / 404e13f306dab6cee9bee57019496afd77378acbae6f0020ba1c9dd0f7b3761d-DRAFT-MER_POST-PLENARY_GAMBIA.pdf.pdf,02_giaba_evaluations_typologies\GIABA _ 404e13f306dab6cee9bee57019496afd77378acbae6f0020ba1c9dd0f7b3761d-DRAFT-MER_POST-PLENARY_GAMBIA.pdf.pdf,assets\giaba-org__Frame__pdfviewer-404e13f306dab6cee9bee57019496afd77378acbae6f0020ba1c9dd0f7b3761d-DRAFT-MER_POST-PLENARY_GAMBIA.pdf--7646b4d63c.pdf,.pdf,20947,96067a3386650abbd2c24ce29c37f7ef3aeac3a878998f54fbb90bc28e1b14a5
giaba,14,GIABA / 4adc2cc2d6cc618fc44f650873c257cff4030ac99a051e2643ceb51746b1cb25-1ST_MER_GUINEE.pdf.pdf,02_giaba_evaluations_typologies\GIABA _ 4adc2cc2d6cc618fc44f650873c257cff4030ac99a051e2643ceb51746b1cb25-1ST_MER_GUINEE.pdf.pdf,assets\giaba-org__Frame__pdfviewer-4adc2cc2d6cc618fc44f650873c257cff4030ac99a051e2643ceb51746b1cb25-1ST_MER_GUINEE.pdf--71267fa26b.pdf,.pdf,20909,8b7b26a28d55341cf6eef4d7c3121c93d2132677e7138af6e2f806393358cbf1
giaba,14,GIABA / 51d500ebe9ab7835e3a12bcadfca637d590f74435843838652660832df4c39b1-1ST_MER_BENIN.pdf.pdf,02_giaba_evaluations_typologies\GIABA _ 51d500ebe9ab7835e3a12bcadfca637d590f74435843838652660832df4c39b1-1ST_MER_BENIN.pdf.pdf,assets\giaba-org__Frame__pdfviewer-51d500ebe9ab7835e3a12bcadfca637d590f74435843838652660832df4c39b1-1ST_MER_BENIN.pdf--8a9bd42884.pdf,.pdf,20907,b824ed34d018c7ea5e35ff1ace59b7e22f2337b46f68885599f3c5b8f82db32b
giaba,14,GIABA / 5fe4bba620263190abef9e8727bd920f15ece780605dd721a9715ca1b62900a0-2NE_MER_GHANA.pdf.pdf,02_giaba_evaluations_typologies\GIABA _ 5fe4bba620263190abef9e8727bd920f15ece780605dd721a9715ca1b62900a0-2NE_MER_GHANA.pdf.pdf,assets\giaba-org__Frame__pdfviewer-5fe4bba620263190abef9e8727bd920f15ece780605dd721a9715ca1b62900a0-2NE_MER_GHANA.pdf--181975d5bd.pdf,.pdf,20907,10d5afc8014c416999c9556ccbc3133edd595f59a78a2622a14a2320a520179b
giaba,14,GIABA / 628a21e8eae4060e83e532c17251a5f5de574442a2c276a8ed4bc27c7491e6d9-1ST_MER_LIBERIA.pdf.pdf,02_giaba_evaluations_typologies\GIABA _ 628a21e8eae4060e83e532c17251a5f5de574442a2c276a8ed4bc27c7491e6d9-1ST_MER_LIBERIA.pdf.pdf,assets\giaba-org__Frame__pdfviewer-628a21e8eae4060e83e532c17251a5f5de574442a2c276a8ed4bc27c7491e6d9-1ST_MER_LIBERIA.pdf--a56f174d11.pdf,.pdf,20911,abd11a8a04623b73ea40672be862b63c5d15eef5e481779e7c8449eba3085f1f
giaba,14,GIABA / 62d0e13aca05630c10f96d7fb2a4fe631f3be6579aa283c20cf726e22a31fb33-ENG-CYBERCRIME-REPORT.pdf.pdf,02_giaba_evaluations_typologies\GIABA _ 62d0e13aca05630c10f96d7fb2a4fe631f3be6579aa283c20cf726e22a31fb33-ENG-CYBERCRIME-REPORT.pdf.pdf,assets\giaba-org__Frame__pdfviewer-62d0e13aca05630c10f96d7fb2a4fe631f3be6579aa283c20cf726e22a31fb33-ENG-CYBERCRIME-REPORT.pdf--a27fe93443.pdf,.pdf,20927,a547d255801ff0fa789d98f0ddd90b614deba1f094d1dc183ba6d31148699943
giaba,14,GIABA / 7bfedb55491a4e65f9ebe1825d9e0e6224bb9afa5826f44a5632e0f2a877c0a7-1ST_MER_MALI.pdf.pdf,02_giaba_evaluations_typologies\GIABA _ 7bfedb55491a4e65f9ebe1825d9e0e6224bb9afa5826f44a5632e0f2a877c0a7-1ST_MER_MALI.pdf.pdf,assets\giaba-org__Frame__pdfviewer-7bfedb55491a4e65f9ebe1825d9e0e6224bb9afa5826f44a5632e0f2a877c0a7-1ST_MER_MALI.pdf--1b6045e93b.pdf,.pdf,20905,56f95fb60c964ccef563e85931aec829ea19cea7bfc70828cac9524ee57569b7
giaba,14,GIABA / aea6e9c10e728156d6267820b26f71b54234ed79e85462d612d9e3bafb942d91-MER_ACTION-PLAN_GAMBIA.pdf.pdf,02_giaba_evaluations_typologies\GIABA _ aea6e9c10e728156d6267820b26f71b54234ed79e85462d612d9e3bafb942d91-MER_ACTION-PLAN_GAMBIA.pdf.pdf,assets\giaba-org__Frame__pdfviewer-aea6e9c10e728156d6267820b26f71b54234ed79e85462d612d9e3bafb942d91-MER_ACTION-PLAN_GAMBIA.pdf--fa67e7b231.pdf,.pdf,20929,e50ce4bc0db10c0853c09c4d061504da7facfef60cc2b82b99670488954c3ee3
giaba,14,GIABA / cf44eacffe7f98347a5f5b82f830121138f01fc74d06ad0a66126d97354fbed6-ENG-MARITIME-REPORT.pdf.pdf,02_giaba_evaluations_typologies\GIABA _ cf44eacffe7f98347a5f5b82f830121138f01fc74d06ad0a66126d97354fbed6-ENG-MARITIME-REPORT.pdf.pdf,assets\giaba-org__Frame__pdfviewer-cf44eacffe7f98347a5f5b82f830121138f01fc74d06ad0a66126d97354fbed6-ENG-MARITIME-REPORT.pdf--34bdbd88ca.pdf,.pdf,20923,d0fa9926aafb9c38e65a73029261aefda06707f90adc30c25fbfa3edddd5d3ad
giaba,14,GIABA / d3c5736dbc209270616885e7fd2cced908dd7b387c8d795bcea70e8b42a8a659-ACTION_PLAN_1ST_MER_NIGER.pdf.pdf,02_giaba_evaluations_typologies\GIABA _ d3c5736dbc209270616885e7fd2cced908dd7b387c8d795bcea70e8b42a8a659-ACTION_PLAN_1ST_MER_NIGER.pdf.pdf,assets\giaba-org__Frame__pdfviewer-d3c5736dbc209270616885e7fd2cced908dd7b387c8d795bcea70e8b42a8a659-ACTION_PLAN_1ST_MER_NIGER.pdf--b754360892.pdf,.pdf,20931,3da9cf2dd92dbd6cd4841025b106cb7b67472ca2d393a6362b5d4bb42ed139d0
giaba,14,GIABA / d44ef9c8975e37301499c0ec79cfdebf7c25a6338d609e9c2c403b33818e8486-DETAILED-MER_GAMBIA.pdf.pdf,02_giaba_evaluations_typologies\GIABA _ d44ef9c8975e37301499c0ec79cfdebf7c25a6338d609e9c2c403b33818e8486-DETAILED-MER_GAMBIA.pdf.pdf,assets\giaba-org__Frame__pdfviewer-d44ef9c8975e37301499c0ec79cfdebf7c25a6338d609e9c2c403b33818e8486-DETAILED-MER_GAMBIA.pdf--091f6c79d0.pdf,.pdf,20923,e4044839ac24e8286b43f56a3b088b2d105e3a12bb775c0c83d8ac18be623e63
giaba,14,GIABA / d68f3affadc72e516df1d76b0fbf3400dc1dc8d93ceaea91ce76f3e487eaaecb-ES_1ST_MER_LIBERIA.pdf.pdf,02_giaba_evaluations_typologies\GIABA _ d68f3affadc72e516df1d76b0fbf3400dc1dc8d93ceaea91ce76f3e487eaaecb-ES_1ST_MER_LIBERIA.pdf.pdf,assets\giaba-org__Frame__pdfviewer-d68f3affadc72e516df1d76b0fbf3400dc1dc8d93ceaea91ce76f3e487eaaecb-ES_1ST_MER_LIBERIA.pdf--92ae791fe8.pdf,.pdf,20917,4cf3e7812a382703f58d9b7a595d535d093bc312c270ef866292afad40774858
giaba,14,GIABA / e72e6c378a9355dc8123a4aa4a1f2ae7254c3e453afc2e5c4caf8c66afa3e773-1ST_MER_NIGER.pdf.pdf,02_giaba_evaluations_typologies\GIABA _ e72e6c378a9355dc8123a4aa4a1f2ae7254c3e453afc2e5c4caf8c66afa3e773-1ST_MER_NIGER.pdf.pdf,assets\giaba-org__Frame__pdfviewer-e72e6c378a9355dc8123a4aa4a1f2ae7254c3e453afc2e5c4caf8c66afa3e773-1ST_MER_NIGER.pdf--f2dfeb6d93.pdf,.pdf,20907,9b42c2881c95e62872d337d74d6a25c2d4475bda4e87228b619500e357dbb254
giaba,14,GIABA / ebdfa78dd3e50b913ca693dc4bf87e9e2e86bdf797982f13642684618b4af258-FINAL-DETAILED-MER_CARBON-VERDE.pdf.pdf,02_giaba_evaluations_typologies\GIABA _ ebdfa78dd3e50b913ca693dc4bf87e9e2e86bdf797982f13642684618b4af258-FINAL-DETAILED-MER_CARBON-VERDE.pdf.pdf,assets\giaba-org__Frame__pdfviewer-ebdfa78dd3e50b913ca693dc4bf87e9e2e86bdf797982f13642684618b4af258-FINAL-DETAILED-MER_CARBON-VERDE.pdf--fe68ee680a.pdf,.pdf,20955,8130fb936260ca9e1ee99fb98b8d755ede08c45bb525bbf3fc05fcba2c9906ff
giaba,14,GIABA / fa307d8c13230a29dc62a1a67ab753ab2f0e38ca27cf1bd5695dc843f294428f-1049_Nigeria---AML-CFT-Nationa-Risk-A.pdf,02_giaba_evaluations_typologies\GIABA _ fa307d8c13230a29dc62a1a67ab753ab2f0e38ca27cf1bd5695dc843f294428f-1049_Nigeria---AML-CFT-Nationa-Risk-A.pdf,assets\giaba-org__Frame__pdfviewer-fa307d8c13230a29dc62a1a67ab753ab2f0e38ca27cf1bd5695dc843f294428f-1049_Nigeria---AML-CFT-Nationa-Risk-A--688f04cbb7.pdf,.pdf,20999,73b3c950bb9b2b90e0f17a3ab4f5926f398214103a0d82056e496128bfca3325
cif,13,CIF / rapport-annuel-cif 25.pdf.pdf,04_contexte_cif_sfd\CIF _ rapport-annuel-cif 25.pdf.pdf,assets\wp-content__uploads__rapport-annuel-cif-2025.pdf--2296b0bb50.pdf,.pdf,2796165,a9b78fdf6360e8f08f2375fffa342e004b68d42ec1836939d1b0ad4171d1ce0e
cif,13,CIF / reponses-hackathon.pdf.pdf,04_contexte_cif_sfd\CIF _ reponses-hackathon.pdf.pdf,assets\wp-content__uploads__reponses-hackathon.pdf--8a79309105.pdf,.pdf,149569,798ec91510c93279f2f369920c0368a8d236b3fff1fd9f96e2b6edb6c49a4143
cif,13,CIF / tdr-appel-a-candidatures-global-hackathon-cif-digicoop-wa 26.pdf.pdf,04_contexte_cif_sfd\CIF _ tdr-appel-a-candidatures-global-hackathon-cif-digicoop-wa 26.pdf.pdf,assets\wp-content__uploads__tdr-appel-a-candidatures-global-hackathon-cif-digicoop-wa-2026.pdf--c2a9cd088e.pdf,.pdf,1957718,f218671698d8cc73b971d942e2c7148e231ef9e00a41f743176537f54afa5cfc
regulation,5,BCEAO / 2017-11 / Annexe_a_la / Convention_regissant_la_Commission_Bancaire_de_l_UMOA-2.pdf.pdf,01_reglementation_lbc_ft_fp\BCEAO _ 2017-11 _ Annexe_a_la _ Convention_regissant_la_Commission_Bancaire_de_l_UMOA-2.pdf.pdf,assets\bceao-int__sites__default__files__2017-11__Annexe_a_la__Convention_regissant_la_Commission_Bancaire_de_l_UMOA-2.pdf--d5b580edc6.pdf,.pdf,141066,92daea6ef560db49f7488607ace9275484613e1f34d85db933d15ba931639af2
regulation,5,BCEAO / 2017-11 / Convention_regissant_la_Commission_Bancaire_de_l_UMOA-2.pdf.pdf,01_reglementation_lbc_ft_fp\BCEAO _ 2017-11 _ Convention_regissant_la_Commission_Bancaire_de_l_UMOA-2.pdf.pdf,assets\bceao-int__sites__default__files__2017-11__Convention_regissant_la_Commission_Bancaire_de_l_UMOA-2.pdf--1ce24feae1.pdf,.pdf,84721,fcf1e65d2783af778ef5551d92fe87995cb9d99103c38e6eafa8d2ac177a8fd0
regulation,5,BCEAO / 2017-11 / StatutsBCEAO2010 -282-29.pdf.pdf,01_reglementation_lbc_ft_fp\BCEAO _ 2017-11 _ StatutsBCEAO2010 -282-29.pdf.pdf,assets\bceao-int__sites__default__files__2017-11__StatutsBCEAO2010-20-282-29.pdf--4c74601de2.pdf,.pdf,212804,449cbeb15b590759d46a7285c180649680183518f124996ecaba2b0e2a4f959e
regulation,5,BCEAO / 2017-11 / TraiteUMOA2010 -281-29.pdf.pdf,01_reglementation_lbc_ft_fp\BCEAO _ 2017-11 _ TraiteUMOA2010 -281-29.pdf.pdf,assets\bceao-int__sites__default__files__2017-11__TraiteUMOA2010-20-281-29.pdf--ff02e800d8.pdf,.pdf,170494,8a5eba27160ba0915a5b63753ebab2bd933d5554ed731c65a47312b94c87e48c
regulation,5,BCEAO / 2024-02 / Instruction Nno001-01 24 relative aux services de paiement dans l.pdf,01_reglementation_lbc_ft_fp\BCEAO _ 2024-02 _ Instruction Nno001-01 24 relative aux services de paiement dans l.pdf,assets\bceao-int__sites__default__files__2024-02__Instruction-20N-C2-B0001-01-2024-20relative-20aux-20services-20de-20paiement-20dans-20l--0e5ea88db6.pdf,.pdf,673244,e8341ec572b027809e0777e7d919d275f1d6d25260a0cda0a77f24dcd3de75f2
sanctions,5,BCEAO / inline-files / LISTES DES ETABLISSEMENTS BANCAIRES D-E2-80-99IMPORTANCE SYSTEMIQUE DA.pdf,03_sanctions_listes_surveillance\BCEAO _ inline-files _ LISTES DES ETABLISSEMENTS BANCAIRES D-E2-80-99IMPORTANCE SYSTEMIQUE DA.pdf,assets\bceao-int__sites__default__files__inline-files__LISTES-20DES-20ETABLISSEMENTS-20BANCAIRES-20D-E2-80-99IMPORTANCE-20SYSTEMIQUE-20DA--4cf00745a3.pdf,.pdf,114898,2cd753589a508e0b8f821c313bcbfe902daaa64a4db6fc7c3b0f447fc662e21f
giaba,4,GIABA / 000d127461795a26bca2fcf5908c5efe0594631adb997a547dfc714bbedcdba0-4th-Enhanced-Follow-Up-Report-of-Beni.pdf,02_giaba_evaluations_typologies\GIABA _ 000d127461795a26bca2fcf5908c5efe0594631adb997a547dfc714bbedcdba0-4th-Enhanced-Follow-Up-Report-of-Beni.pdf,assets\giaba-org__Frame__pdfviewer-000d127461795a26bca2fcf5908c5efe0594631adb997a547dfc714bbedcdba0-4th-Enhanced-Follow-Up-Report-of-Beni--81c8227b83.pdf,.pdf,21015,8971ac0529329589c0fffe047d48060d054d81cc42ccc812a564bf3f03918918
giaba,4,GIABA / 01893b99200b9777a6e983bb63b90e0785eb2ef02539942a7bd2346c19c862b9-MER-Sao-Tom-and-Principe-English.pdf.pdf,02_giaba_evaluations_typologies\GIABA _ 01893b99200b9777a6e983bb63b90e0785eb2ef02539942a7bd2346c19c862b9-MER-Sao-Tom-and-Principe-English.pdf.pdf,assets\giaba-org__Frame__pdfviewer-01893b99200b9777a6e983bb63b90e0785eb2ef02539942a7bd2346c19c862b9-MER-Sao-Tom-and-Principe-English.pdf--718b5159a4.pdf,.pdf,20977,f2ffe27eb9e8766564a5c1e49644487fc63480ed508ddf7cd4ccd30ff4bab711
giaba,4,GIABA / 0240374f26881383f47092e82dc2522e575878eab99ac56107953a0a63232874-SCI-08-Avis-Assistant-des-Programmes-.pdf,02_giaba_evaluations_typologies\GIABA _ 0240374f26881383f47092e82dc2522e575878eab99ac56107953a0a63232874-SCI-08-Avis-Assistant-des-Programmes-.pdf,assets\giaba-org__Frame__pdfviewer-0240374f26881383f47092e82dc2522e575878eab99ac56107953a0a63232874-SCI-08-Avis-Assistant-des-Programmes---cca29316c3.pdf,.pdf,21023,67925e00e0bddfa962533db8c4a2465d4207d21a20de6922cde2b0f3583b2ec4
giaba,4,GIABA / 03a7661707aa5cbca3550751670681842530373202b74168cbf3b0c860e7c6b5-Executive-Summary-MER---English-06051.pdf,02_giaba_evaluations_typologies\GIABA _ 03a7661707aa5cbca3550751670681842530373202b74168cbf3b0c860e7c6b5-Executive-Summary-MER---English-06051.pdf,assets\giaba-org__Frame__pdfviewer-03a7661707aa5cbca3550751670681842530373202b74168cbf3b0c860e7c6b5-Executive-Summary-MER---English-06051--098fef171c.pdf,.pdf,20977,1de5f147a75d09ede6c202f2b5077441d4683a0c339aedf9ad12ba00ed4b7cae
giaba,4,GIABA / 03b5507e96de6d13c64af90da7eb670a699a0935d5a7f927d45f56d1ad381314-Federal-Republic-of-Nigeria---3rd-Enh.pdf,02_giaba_evaluations_typologies\GIABA _ 03b5507e96de6d13c64af90da7eb670a699a0935d5a7f927d45f56d1ad381314-Federal-Republic-of-Nigeria---3rd-Enh.pdf,assets\giaba-org__Frame__pdfviewer-03b5507e96de6d13c64af90da7eb670a699a0935d5a7f927d45f56d1ad381314-Federal-Republic-of-Nigeria---3rd-Enh--02006f939f.pdf,.pdf,21063,3a19d432f266f997fe09513d7489357d06f652bb0290a6419a12af6629b86a73
giaba,4,GIABA / 0461051c7afdea30570e4d80281d8d8c1e42428fc5cfaa197b39535dfc5e0d1d-COMUNICADO-DE-IMPRENSA-CIMEIRA-DA-CON.pdf,02_giaba_evaluations_typologies\GIABA _ 0461051c7afdea30570e4d80281d8d8c1e42428fc5cfaa197b39535dfc5e0d1d-COMUNICADO-DE-IMPRENSA-CIMEIRA-DA-CON.pdf,assets\giaba-org__Frame__pdfviewer-0461051c7afdea30570e4d80281d8d8c1e42428fc5cfaa197b39535dfc5e0d1d-COMUNICADO-DE-IMPRENSA-CIMEIRA-DA-CON--82859b496d.pdf,.pdf,21069,a754fb69ad4ad2c5c2b347db082bf94cbb9e9395562c0ba4f16ade806cf6830e
giaba,4,GIABA / 05eb5b318db08c8acbf572d4e139f97b8a51666a517bd300d2c66ba85c4fbf10-FRE---IMC-NCC-Operational-Manual-Fina.pdf,02_giaba_evaluations_typologies\GIABA _ 05eb5b318db08c8acbf572d4e139f97b8a51666a517bd300d2c66ba85c4fbf10-FRE---IMC-NCC-Operational-Manual-Fina.pdf,assets\giaba-org__Frame__pdfviewer-05eb5b318db08c8acbf572d4e139f97b8a51666a517bd300d2c66ba85c4fbf10-FRE---IMC-NCC-Operational-Manual-Fina--bfb9a5467a.pdf,.pdf,20981,9d48f6ae2d09d216f9c907a059550261463a49a101fabf0d5ebae688036a1ee8
giaba,4,GIABA / 0cf53a2a55402b9770aa101565baf2d0740cf3ca88b6a35b33ca6dbd4614896e-Republic-of-Niger--4th-Enhanced-Follo.pdf,02_giaba_evaluations_typologies\GIABA _ 0cf53a2a55402b9770aa101565baf2d0740cf3ca88b6a35b33ca6dbd4614896e-Republic-of-Niger--4th-Enhanced-Follo.pdf,assets\giaba-org__Frame__pdfviewer-0cf53a2a55402b9770aa101565baf2d0740cf3ca88b6a35b33ca6dbd4614896e-Republic-of-Niger--4th-Enhanced-Follo--e37f48ec2f.pdf,.pdf,21001,6a7db87ec9d05d04b22db53ea9ce1b6b7f52c40c066be23558e9711665c03f50
giaba,4,GIABA / 114a2dea2e51778bc61c39f783051108185b928f2fc6c8170fe7a4c0116b2f93-Follow-Up-Report-of-The-Gambia 24.p.pdf,02_giaba_evaluations_typologies\GIABA _ 114a2dea2e51778bc61c39f783051108185b928f2fc6c8170fe7a4c0116b2f93-Follow-Up-Report-of-The-Gambia 24.p.pdf,assets\giaba-org__Frame__pdfviewer-114a2dea2e51778bc61c39f783051108185b928f2fc6c8170fe7a4c0116b2f93-Follow-Up-Report-of-The-Gambia-2024.p--1f2f7ae041.pdf,.pdf,20971,c0a48879c539fb1d0158f38eb413bacc3ba56ef991ef7c2e351995d03c5504e5
giaba,4,GIABA / 14b089ce5ca23a88d6fd69472b901f48553d99d7c0d2d7c475fb95c20b121c15-JOB-APPLICATION-FORM---Copy.pdf.pdf,02_giaba_evaluations_typologies\GIABA _ 14b089ce5ca23a88d6fd69472b901f48553d99d7c0d2d7c475fb95c20b121c15-JOB-APPLICATION-FORM---Copy.pdf.pdf,assets\giaba-org__Frame__pdfviewer-14b089ce5ca23a88d6fd69472b901f48553d99d7c0d2d7c475fb95c20b121c15-JOB-APPLICATION-FORM---Copy.pdf--0ed624cb3f.pdf,.pdf,20951,c03818f9489c408d20fb1021a116dfb55d75292d77c210149abfde313f10fbe4
giaba,4,GIABA / 152d73ada10203a42f9ad38faebf19ad1049a66a099987d0fab63935c5d5aa91-ENG---SENEGAL---2nd-FUR-for-Publicati.pdf,02_giaba_evaluations_typologies\GIABA _ 152d73ada10203a42f9ad38faebf19ad1049a66a099987d0fab63935c5d5aa91-ENG---SENEGAL---2nd-FUR-for-Publicati.pdf,assets\giaba-org__Frame__pdfviewer-152d73ada10203a42f9ad38faebf19ad1049a66a099987d0fab63935c5d5aa91-ENG---SENEGAL---2nd-FUR-for-Publicati--9ac123bc4f.pdf,.pdf,21007,e3cb2ee66a54b1096cc97d33c23ef5a0702dec64977b825203d1cbfc087ed3e6
giaba,4,GIABA / 153eccee40b741a8e1423ff697da6b649f19814359fc473eeb05648b27cb0d94-Third-Enhanced-Follow-Up-Report-with-.pdf,02_giaba_evaluations_typologies\GIABA _ 153eccee40b741a8e1423ff697da6b649f19814359fc473eeb05648b27cb0d94-Third-Enhanced-Follow-Up-Report-with-.pdf,assets\giaba-org__Frame__pdfviewer-153eccee40b741a8e1423ff697da6b649f19814359fc473eeb05648b27cb0d94-Third-Enhanced-Follow-Up-Report-with---84de5499c8.pdf,.pdf,21111,7bbce9d02ed767c2a45b6db263460a7d6fa215a5e4b8abaec02b81691092c06d
giaba,4,GIABA / 156c849604cec095ac0d28abaa29ef93fa8aad5dab2d4a3a9e0f8515866d582e---ENG_-JOB-PROFILE-Driver.pdf.pdf,02_giaba_evaluations_typologies\GIABA _ 156c849604cec095ac0d28abaa29ef93fa8aad5dab2d4a3a9e0f8515866d582e---ENG_-JOB-PROFILE-Driver.pdf.pdf,assets\giaba-org__Frame__pdfviewer-156c849604cec095ac0d28abaa29ef93fa8aad5dab2d4a3a9e0f8515866d582e---ENG_-JOB-PROFILE-Driver.pdf--eb05b6cb45.pdf,.pdf,20943,4d1d3188ea48785736471e56ab6e7667c81c735120cefee46ec28468a6dcebce
giaba,4,GIABA / 1c447c49d15483eb427387f8cd410e933a691a6ad025a24110bd423c4a5be8d2-ENG---4th-FUR-of-Mali---DeV011724.pdf.pdf,02_giaba_evaluations_typologies\GIABA _ 1c447c49d15483eb427387f8cd410e933a691a6ad025a24110bd423c4a5be8d2-ENG---4th-FUR-of-Mali---DeV011724.pdf.pdf,assets\giaba-org__Frame__pdfviewer-1c447c49d15483eb427387f8cd410e933a691a6ad025a24110bd423c4a5be8d2-ENG---4th-FUR-of-Mali---DeV011724.pdf--81bc544bf4.pdf,.pdf,20975,72b1f1692afa422b0c067c2f4e00a65115c9d29530891c558bfca0d90f607089
giaba,4,GIABA / 22300dbf2e11a52a2ded6bfffecbc3ced802df425549bb6fa91d2d9837c5b6e2-3EME_RS_BENIN.pdf.pdf,02_giaba_evaluations_typologies\GIABA _ 22300dbf2e11a52a2ded6bfffecbc3ced802df425549bb6fa91d2d9837c5b6e2-3EME_RS_BENIN.pdf.pdf,assets\giaba-org__Frame__pdfviewer-22300dbf2e11a52a2ded6bfffecbc3ced802df425549bb6fa91d2d9837c5b6e2-3EME_RS_BENIN.pdf--1620610c7d.pdf,.pdf,20907,b92a6cf1b327c44ad30d335a2bf6c0549d5b638bbfd1a3fed1e115fa56c7e5c0
giaba,4,GIABA / 22d8c31bd53073888145c31fbc999de386750ae676fb30414719c4a073c4f3ff-6th-FUR-Sierra-Leone---English.pdf.pdf,02_giaba_evaluations_typologies\GIABA _ 22d8c31bd53073888145c31fbc999de386750ae676fb30414719c4a073c4f3ff-6th-FUR-Sierra-Leone---English.pdf.pdf,assets\giaba-org__Frame__pdfviewer-22d8c31bd53073888145c31fbc999de386750ae676fb30414719c4a073c4f3ff-6th-FUR-Sierra-Leone---English.pdf--2d86200ba1.pdf,.pdf,20961,9995f9fd518152dca6f6ca2e04a7e0753f7dfe853e92af2d333de871a58799bd
giaba,4,GIABA / 231dcac95007e330eaf61f96e8ae04b5a32a4a740f0e67a6238dd101d5d38940-5e-Rapport-de-suivi-renforce-de-la-Re.pdf,02_giaba_evaluations_typologies\GIABA _ 231dcac95007e330eaf61f96e8ae04b5a32a4a740f0e67a6238dd101d5d38940-5e-Rapport-de-suivi-renforce-de-la-Re.pdf,assets\giaba-org__Frame__pdfviewer-231dcac95007e330eaf61f96e8ae04b5a32a4a740f0e67a6238dd101d5d38940-5e-Rapport-de-suivi-renforce-de-la-Re--9980bd2106.pdf,.pdf,21025,92491d96049e0db02f6b489d016240bcc166966d79fac22ddd7e70050619b01b
giaba,4,GIABA / 23f992d23aa1462590d8632df77fb7eea33ce70f6cda031d877ac97562cb5774-ENG---SENEGAL---3rd-FUR-for-Publicati.pdf,02_giaba_evaluations_typologies\GIABA _ 23f992d23aa1462590d8632df77fb7eea33ce70f6cda031d877ac97562cb5774-ENG---SENEGAL---3rd-FUR-for-Publicati.pdf,assets\giaba-org__Frame__pdfviewer-23f992d23aa1462590d8632df77fb7eea33ce70f6cda031d877ac97562cb5774-ENG---SENEGAL---3rd-FUR-for-Publicati--b68aa22965.pdf,.pdf,21009,344b354402b75af36b4251d8b1a7fd660fdea76779441b697b383247c5b2de7a
giaba,4,GIABA / 2624e951b288e5ea056c05dbf92c4e164c659f7c8038bc74352a8c5150a52800-ENG---GIABA-TA-Information-Sharing-Gu.pdf,02_giaba_evaluations_typologies\GIABA _ 2624e951b288e5ea056c05dbf92c4e164c659f7c8038bc74352a8c5150a52800-ENG---GIABA-TA-Information-Sharing-Gu.pdf,assets\giaba-org__Frame__pdfviewer-2624e951b288e5ea056c05dbf92c4e164c659f7c8038bc74352a8c5150a52800-ENG---GIABA-TA-Information-Sharing-Gu--320a6d8a9f.pdf,.pdf,20985,1d636ae9d93b1eb54123950f9925b37c4706c8c214b9557252e1a0ce636a91aa
giaba,4,GIABA / 285d7fe9055b87c1d7153fa8fcd746692b443d8926e10ba3e1ed3d03f11c471a-8TH_FUR_GAMBIA.pdf.pdf,02_giaba_evaluations_typologies\GIABA _ 285d7fe9055b87c1d7153fa8fcd746692b443d8926e10ba3e1ed3d03f11c471a-8TH_FUR_GAMBIA.pdf.pdf,assets\giaba-org__Frame__pdfviewer-285d7fe9055b87c1d7153fa8fcd746692b443d8926e10ba3e1ed3d03f11c471a-8TH_FUR_GAMBIA.pdf--16bca1db55.pdf,.pdf,20909,37234fab1df633ac2773813b19ac45ff0ee79100675508bb299e097d633096b7
giaba,4,GIABA / 290537c654b37add8a22b4a1ae572afedd0ae376e3323f7714b8fa8ccaab67bb-ENG---Senegal---1st-FUR-Report-Post-P.pdf,02_giaba_evaluations_typologies\GIABA _ 290537c654b37add8a22b4a1ae572afedd0ae376e3323f7714b8fa8ccaab67bb-ENG---Senegal---1st-FUR-Report-Post-P.pdf,assets\giaba-org__Frame__pdfviewer-290537c654b37add8a22b4a1ae572afedd0ae376e3323f7714b8fa8ccaab67bb-ENG---Senegal---1st-FUR-Report-Post-P--af772530ef.pdf,.pdf,21035,48bfa13e0b152764a092d530ae953f303dcbb4d059d096e872439a3eea7353e8
giaba,4,GIABA / 321e232d5f56aed610d6c4620785db4d6beeff440fbcc44810f9800973b6ab77-ENG---Final-GIABA-Technical-Assistanc.pdf,02_giaba_evaluations_typologies\GIABA _ 321e232d5f56aed610d6c4620785db4d6beeff440fbcc44810f9800973b6ab77-ENG---Final-GIABA-Technical-Assistanc.pdf,assets\giaba-org__Frame__pdfviewer-321e232d5f56aed610d6c4620785db4d6beeff440fbcc44810f9800973b6ab77-ENG---Final-GIABA-Technical-Assistanc--7435f65445.pdf,.pdf,21033,dd34414cb7b0966c698fa278af01cd0704eba01c51c524ff37bacaac0b4e0c7d
giaba,4,GIABA / 33eabcafede126a0002d89724aaaf529f1f2ba0ba3b67e9365b729b95ec10b62-4TH_FUR_LIBERIA.pdf.pdf,02_giaba_evaluations_typologies\GIABA _ 33eabcafede126a0002d89724aaaf529f1f2ba0ba3b67e9365b729b95ec10b62-4TH_FUR_LIBERIA.pdf.pdf,assets\giaba-org__Frame__pdfviewer-33eabcafede126a0002d89724aaaf529f1f2ba0ba3b67e9365b729b95ec10b62-4TH_FUR_LIBERIA.pdf--2f72811e12.pdf,.pdf,20911,e3a56fcbeac68eee1f414ffeefc0e7a5860b3cebfa737a3e6e5363765155200b
giaba,4,GIABA / 344afe12a1a968c396fca54c15a809ac3ad7ccead0beb587eef1000dae5268c2-FRE_-JOB-PROFILE-Driver.pdf.pdf,02_giaba_evaluations_typologies\GIABA _ 344afe12a1a968c396fca54c15a809ac3ad7ccead0beb587eef1000dae5268c2-FRE_-JOB-PROFILE-Driver.pdf.pdf,assets\giaba-org__Frame__pdfviewer-344afe12a1a968c396fca54c15a809ac3ad7ccead0beb587eef1000dae5268c2-FRE_-JOB-PROFILE-Driver.pdf--b553e9d229.pdf,.pdf,20939,716d0d17c7d73914ec664594df1cb149c61d631a136b5187604eac431ba27c0a
giaba,4,GIABA / 467be753751ac3780a3b23016ccbd9cc10a30606a2b65b1e08883e3e0f7e4478-2o-Relatorio-de-Seguimento-Reforcado-.pdf,02_giaba_evaluations_typologies\GIABA _ 467be753751ac3780a3b23016ccbd9cc10a30606a2b65b1e08883e3e0f7e4478-2o-Relatorio-de-Seguimento-Reforcado-.pdf,assets\giaba-org__Frame__pdfviewer-467be753751ac3780a3b23016ccbd9cc10a30606a2b65b1e08883e3e0f7e4478-2o-Relatorio-de-Seguimento-Reforcado---08f3c34a9e.pdf,.pdf,20999,24e1115ef94d076109d46e0c2c0c4228963c4374ac248adb30669a43d4345f23
giaba,4,GIABA / 4a5deb23530f1adea88f43d3cb075bcee0b5c8eb0b25dfbdc486c786d97673d4-ENG---IMC-NCC-Operational-Manual-Fina.pdf,02_giaba_evaluations_typologies\GIABA _ 4a5deb23530f1adea88f43d3cb075bcee0b5c8eb0b25dfbdc486c786d97673d4-ENG---IMC-NCC-Operational-Manual-Fina.pdf,assets\giaba-org__Frame__pdfviewer-4a5deb23530f1adea88f43d3cb075bcee0b5c8eb0b25dfbdc486c786d97673d4-ENG---IMC-NCC-Operational-Manual-Fina--21875eb0c9.pdf,.pdf,20981,8fe17d7b3b068c67b6ab4028842a6d2408fa2aac6ecdfd6da6849ac19fe23090
giaba,4,GIABA / 4f786637376026b62636e49491100f8289ec9ce98e98378d67a94002ea9b15e1-1ST_FUR_CABON-VERDE.pdf.pdf,02_giaba_evaluations_typologies\GIABA _ 4f786637376026b62636e49491100f8289ec9ce98e98378d67a94002ea9b15e1-1ST_FUR_CABON-VERDE.pdf.pdf,assets\giaba-org__Frame__pdfviewer-4f786637376026b62636e49491100f8289ec9ce98e98378d67a94002ea9b15e1-1ST_FUR_CABON-VERDE.pdf--030dc795ac.pdf,.pdf,20923,39a926136b0ec0c671b9cc50e551f9b911d481d63836de8bd7301f0a9b9d1f81
giaba,4,GIABA / 524d9a01cc836bfcc1bf4574f96070985c11ab26316a97a701b206e4063466e6-2nd-Enhanced-Follow-Up-Report-of-the-.pdf,02_giaba_evaluations_typologies\GIABA _ 524d9a01cc836bfcc1bf4574f96070985c11ab26316a97a701b206e4063466e6-2nd-Enhanced-Follow-Up-Report-of-the-.pdf,assets\giaba-org__Frame__pdfviewer-524d9a01cc836bfcc1bf4574f96070985c11ab26316a97a701b206e4063466e6-2nd-Enhanced-Follow-Up-Report-of-the---98d5dc0991.pdf,.pdf,21031,dd1430980133bb69e47dd62d143eda71fee6c0d2b6ca86ef0aed7f6c2c37ffca
giaba,4,GIABA / 57bb7a79bfd141be73beab1c3b18fcae113684be06a444ad7f357be8721f9167-3RD_FUR_LIBERIA.pdf.pdf,02_giaba_evaluations_typologies\GIABA _ 57bb7a79bfd141be73beab1c3b18fcae113684be06a444ad7f357be8721f9167-3RD_FUR_LIBERIA.pdf.pdf,assets\giaba-org__Frame__pdfviewer-57bb7a79bfd141be73beab1c3b18fcae113684be06a444ad7f357be8721f9167-3RD_FUR_LIBERIA.pdf--4378e686f4.pdf,.pdf,20911,3605ed471cfeb946f77b726fb45c22c2f713467ed22bd6531fa46f6e16f5eea8
giaba,4,GIABA / 593352824ec2ae543c08b807344d1ee3345946f3b59e3973f776bb6b2492df80-PRE-EVENT-PRESS-RELEASE 26-WEST-AFR.pdf,02_giaba_evaluations_typologies\GIABA _ 593352824ec2ae543c08b807344d1ee3345946f3b59e3973f776bb6b2492df80-PRE-EVENT-PRESS-RELEASE 26-WEST-AFR.pdf,assets\giaba-org__Frame__pdfviewer-593352824ec2ae543c08b807344d1ee3345946f3b59e3973f776bb6b2492df80-PRE-EVENT-PRESS-RELEASE-2026-WEST-AFR--9d1c73b57c.pdf,.pdf,21031,2b66a0f12999e77523666397678563ff609b8789c2b1c94ed83327c1d0939bbf
giaba,4,GIABA / 5a8c39f3e814f76004a93211e6afc07e59843eed3db909a507ecdfecfc01e3c4-5th-FUR-Sierra-Leone---English.pdf.pdf,02_giaba_evaluations_typologies\GIABA _ 5a8c39f3e814f76004a93211e6afc07e59843eed3db909a507ecdfecfc01e3c4-5th-FUR-Sierra-Leone---English.pdf.pdf,assets\giaba-org__Frame__pdfviewer-5a8c39f3e814f76004a93211e6afc07e59843eed3db909a507ecdfecfc01e3c4-5th-FUR-Sierra-Leone---English.pdf--5d1fca2de9.pdf,.pdf,20961,79e78a58dc0306e94ff4bf232e011542931d8201b8e2abf9eafd79e196fc50fd
giaba,4,GIABA / 6946efde517a6b7e5a83192072b4ce874142c99ab71622643bc4258f3d6a92cd-ML-and-TF-Linked-to-the-Misuse-of-LP-.pdf,02_giaba_evaluations_typologies\GIABA _ 6946efde517a6b7e5a83192072b4ce874142c99ab71622643bc4258f3d6a92cd-ML-and-TF-Linked-to-the-Misuse-of-LP-.pdf,assets\giaba-org__Frame__pdfviewer-6946efde517a6b7e5a83192072b4ce874142c99ab71622643bc4258f3d6a92cd-ML-and-TF-Linked-to-the-Misuse-of-LP---f7e6ed4110.pdf,.pdf,21069,ed9884f9acb2d63a4fd91f03edf854433a8c8c29c3a6e7d10d697dfae80bf001
giaba,4,GIABA / 6e285f5801ad2e1e5b0ea697fca4487defc2d288ded7955ef4c36d88075caa40-5th-FUR-Nigeria---English.pdf.pdf,02_giaba_evaluations_typologies\GIABA _ 6e285f5801ad2e1e5b0ea697fca4487defc2d288ded7955ef4c36d88075caa40-5th-FUR-Nigeria---English.pdf.pdf,assets\giaba-org__Frame__pdfviewer-6e285f5801ad2e1e5b0ea697fca4487defc2d288ded7955ef4c36d88075caa40-5th-FUR-Nigeria---English.pdf--a09d6ba708.pdf,.pdf,20947,e8d09bd233dcef879c1c9a2d3fa608782ddc16f62d55cc44b85a414bb0845292
giaba,4,GIABA / 768b8b657497a70ec8939557d567d4ca91f32dae647f760f59e6bb02a82188ca-3rd-FUR-Sierra-Leone---English.pdf.pdf,02_giaba_evaluations_typologies\GIABA _ 768b8b657497a70ec8939557d567d4ca91f32dae647f760f59e6bb02a82188ca-3rd-FUR-Sierra-Leone---English.pdf.pdf,assets\giaba-org__Frame__pdfviewer-768b8b657497a70ec8939557d567d4ca91f32dae647f760f59e6bb02a82188ca-3rd-FUR-Sierra-Leone---English.pdf--c4d678aa3a.pdf,.pdf,20961,a5d9b1ef824d0f8159a88cb0a516ef22846dc025467c4f528c6de0d2c78de098
giaba,4,GIABA / 77e9dc1d4e545aa2828423589be502e14fed956a62fbd72f262fdf7c4fedc32f-Terceiro-Relatorio-de-Seguimento-Refo.pdf,02_giaba_evaluations_typologies\GIABA _ 77e9dc1d4e545aa2828423589be502e14fed956a62fbd72f262fdf7c4fedc32f-Terceiro-Relatorio-de-Seguimento-Refo.pdf,assets\giaba-org__Frame__pdfviewer-77e9dc1d4e545aa2828423589be502e14fed956a62fbd72f262fdf7c4fedc32f-Terceiro-Relatorio-de-Seguimento-Refo--2e85e595b6.pdf,.pdf,21025,052efda94b34ecd0761cb9b983dedc77bc46cd9ffef3a4607453e64d4efc63d7
giaba,4,GIABA / 78df10941cfe46071540b443f30e8e984b4b255f40e72cd653d4ac878c68086b-3RD_FUR_GAMBIA.pdf.pdf,02_giaba_evaluations_typologies\GIABA _ 78df10941cfe46071540b443f30e8e984b4b255f40e72cd653d4ac878c68086b-3RD_FUR_GAMBIA.pdf.pdf,assets\giaba-org__Frame__pdfviewer-78df10941cfe46071540b443f30e8e984b4b255f40e72cd653d4ac878c68086b-3RD_FUR_GAMBIA.pdf--cf26b8be07.pdf,.pdf,20909,75c4b74291d6bf0e5371798eb8540f5f3354440420251b30635b80e5bf923ae1
giaba,4,GIABA / 79ae5a4f084e1e7cbd4bf06f252a5c2d59a3c49b42d6326cca1bf03db40ebf5d-6th-FUR-Nigeria---English.pdf.pdf,02_giaba_evaluations_typologies\GIABA _ 79ae5a4f084e1e7cbd4bf06f252a5c2d59a3c49b42d6326cca1bf03db40ebf5d-6th-FUR-Nigeria---English.pdf.pdf,assets\giaba-org__Frame__pdfviewer-79ae5a4f084e1e7cbd4bf06f252a5c2d59a3c49b42d6326cca1bf03db40ebf5d-6th-FUR-Nigeria---English.pdf--5ad774cab6.pdf,.pdf,20947,b02bc60808a9224261108c666a577de859e18c8a7f436ed8b36e8aad66482b5f
giaba,4,GIABA / 7a719129eecb788a92ae783de25110dddc997e84d93750ba53c6a775633948ec-1197_ENG---Guinea-Bissau-MER-3---POST.pdf,02_giaba_evaluations_typologies\GIABA _ 7a719129eecb788a92ae783de25110dddc997e84d93750ba53c6a775633948ec-1197_ENG---Guinea-Bissau-MER-3---POST.pdf,assets\giaba-org__Frame__pdfviewer-7a719129eecb788a92ae783de25110dddc997e84d93750ba53c6a775633948ec-1197_ENG---Guinea-Bissau-MER-3---POST--7016ac8960.pdf,.pdf,21081,093550723af04ff0bc5fab7ae83b8c4ad194a5a80ab7139fa88b374c109cc34f
giaba,4,GIABA / 7c50c71388859d5d3816618ecf093a28ae24593aab247d3544fb0af0d3007ba1-MER-ACTION-PLAN_CARBON-VERDE.pdf.pdf,02_giaba_evaluations_typologies\GIABA _ 7c50c71388859d5d3816618ecf093a28ae24593aab247d3544fb0af0d3007ba1-MER-ACTION-PLAN_CARBON-VERDE.pdf.pdf,assets\giaba-org__Frame__pdfviewer-7c50c71388859d5d3816618ecf093a28ae24593aab247d3544fb0af0d3007ba1-MER-ACTION-PLAN_CARBON-VERDE.pdf--bf046e8ba9.pdf,.pdf,20945,68b9b9355aca5f16c480b3392e233ee19c07789335067d2242bd4517a45325c9
giaba,4,GIABA / 7e365c1383e704a01479ab95186ecbae35087b7584530cef89c4706e95487321-1ST_FUR_GHANA.pdf.pdf,02_giaba_evaluations_typologies\GIABA _ 7e365c1383e704a01479ab95186ecbae35087b7584530cef89c4706e95487321-1ST_FUR_GHANA.pdf.pdf,assets\giaba-org__Frame__pdfviewer-7e365c1383e704a01479ab95186ecbae35087b7584530cef89c4706e95487321-1ST_FUR_GHANA.pdf--9934869dfd.pdf,.pdf,20907,e462f0e1abdec9890163a10fc6a21762a1ce46c98978302ed0727f31f314c9b0
giaba,4,GIABA / 7f3edc2b53cfe862b538de3ea516127eb786ee2676ed9965f2cfcdd0b74a9324-2ND_FUR_BENIN.pdf.pdf,02_giaba_evaluations_typologies\GIABA _ 7f3edc2b53cfe862b538de3ea516127eb786ee2676ed9965f2cfcdd0b74a9324-2ND_FUR_BENIN.pdf.pdf,assets\giaba-org__Frame__pdfviewer-7f3edc2b53cfe862b538de3ea516127eb786ee2676ed9965f2cfcdd0b74a9324-2ND_FUR_BENIN.pdf--c02379f5b4.pdf,.pdf,20907,6fd454d6044c8aadce4185da645a4962babf314a084ce54c32166db49e797039
giaba,4,GIABA / 8115108da42133d0fef0aa487725edf56c91932b85d6cc42fcc6ac6f91f9604d-4TH_FUR_SECRETARIAT-INFO.NOTE.pdf.pdf,02_giaba_evaluations_typologies\GIABA _ 8115108da42133d0fef0aa487725edf56c91932b85d6cc42fcc6ac6f91f9604d-4TH_FUR_SECRETARIAT-INFO.NOTE.pdf.pdf,assets\giaba-org__Frame__pdfviewer-8115108da42133d0fef0aa487725edf56c91932b85d6cc42fcc6ac6f91f9604d-4TH_FUR_SECRETARIAT-INFO.NOTE.pdf--9abbdab637.pdf,.pdf,20943,0bfd7f311846afe45ff7b3b80e9a65baa6109e532fc1e2caf2472a5cdf090e9d
giaba,4,GIABA / 820bcf891dd53dc462a679e17071254b92a17bcc98b7770975f4109dd50a23fb-2ND_FUR_LIBERIA.pdf.pdf,02_giaba_evaluations_typologies\GIABA _ 820bcf891dd53dc462a679e17071254b92a17bcc98b7770975f4109dd50a23fb-2ND_FUR_LIBERIA.pdf.pdf,assets\giaba-org__Frame__pdfviewer-820bcf891dd53dc462a679e17071254b92a17bcc98b7770975f4109dd50a23fb-2ND_FUR_LIBERIA.pdf--92f1acbb9c.pdf,.pdf,20911,5b71911ac2f4f8fedc4c910ed79e1c6d5e0f13e3fc4dba169b4be949282022e4
giaba,4,GIABA / 829e5eb260dac18bf5347884ff5a3ac980aa5f6f3a3cb8756927ed6cce374938-ENG---Final-GIABA-MER-of-Guinea.pdf.pdf,02_giaba_evaluations_typologies\GIABA _ 829e5eb260dac18bf5347884ff5a3ac980aa5f6f3a3cb8756927ed6cce374938-ENG---Final-GIABA-MER-of-Guinea.pdf.pdf,assets\giaba-org__Frame__pdfviewer-829e5eb260dac18bf5347884ff5a3ac980aa5f6f3a3cb8756927ed6cce374938-ENG---Final-GIABA-MER-of-Guinea.pdf--d50decfa0d.pdf,.pdf,20967,55f03dae6ebcff6b0b51c3a74be25efcfda159ccbab94c426bd6e89724c997f5
giaba,4,GIABA / 8503f32baab691dd7d976ecaac0aebf6deafec7ea6c916c93c0ed4ed6943c98c-SCI07-Avis-Assistant-IT-ENG.pdf.pdf,02_giaba_evaluations_typologies\GIABA _ 8503f32baab691dd7d976ecaac0aebf6deafec7ea6c916c93c0ed4ed6943c98c-SCI07-Avis-Assistant-IT-ENG.pdf.pdf,assets\giaba-org__Frame__pdfviewer-8503f32baab691dd7d976ecaac0aebf6deafec7ea6c916c93c0ed4ed6943c98c-SCI07-Avis-Assistant-IT-ENG.pdf--ba040da990.pdf,.pdf,20957,660afe83ddaeab9a9c499b83cb5648e7f3e58b50d122adf891600815621dd745
giaba,4,GIABA / 8844f464ffe0c069ef50e0f308fe8d4c1035e2681f89eccb0a6b8c97d11b670a-2nd-FUR-Sierra-Leone---English.pdf.pdf,02_giaba_evaluations_typologies\GIABA _ 8844f464ffe0c069ef50e0f308fe8d4c1035e2681f89eccb0a6b8c97d11b670a-2nd-FUR-Sierra-Leone---English.pdf.pdf,assets\giaba-org__Frame__pdfviewer-8844f464ffe0c069ef50e0f308fe8d4c1035e2681f89eccb0a6b8c97d11b670a-2nd-FUR-Sierra-Leone---English.pdf--5c452ea84f.pdf,.pdf,20961,0e92d8a9242c4050c55ff423982402944eeddfc2e4f7f6b8a4509e154d844489
giaba,4,GIABA / 8a7fa8c432dd33056153cbe756b95450e1409608b88f9b9491df9f0a069ffe16-ENG---3rd-FUR-of-Benin--May 24.pdf.pdf,02_giaba_evaluations_typologies\GIABA _ 8a7fa8c432dd33056153cbe756b95450e1409608b88f9b9491df9f0a069ffe16-ENG---3rd-FUR-of-Benin--May 24.pdf.pdf,assets\giaba-org__Frame__pdfviewer-8a7fa8c432dd33056153cbe756b95450e1409608b88f9b9491df9f0a069ffe16-ENG---3rd-FUR-of-Benin--May-2024.pdf--f5347d62f5.pdf,.pdf,20973,f40b481a6b2a88e3a8422e8f1674aaace563724c9920bfd8b24b88898aec8ab1
giaba,4,GIABA / 8fe6cc86724574b473c89a2f4d8c23a210a26b8b8b65fd1a413d229d159fd30a-1ST_FUR_LIBERIA.pdf.pdf,02_giaba_evaluations_typologies\GIABA _ 8fe6cc86724574b473c89a2f4d8c23a210a26b8b8b65fd1a413d229d159fd30a-1ST_FUR_LIBERIA.pdf.pdf,assets\giaba-org__Frame__pdfviewer-8fe6cc86724574b473c89a2f4d8c23a210a26b8b8b65fd1a413d229d159fd30a-1ST_FUR_LIBERIA.pdf--966435b3e2.pdf,.pdf,20911,53c1e8f3c9658ee1fe2175f4ccfef7b02b4c73cd6dc550c4d4be9743394f6ebd
giaba,4,GIABA / 94de6cfdf4d1a2b82c2a2b559716b308f14060ee3759d6bb16a7a7641caee4f1-1195_CASINO_Study_GIABA_ENG_finale-3-.pdf,02_giaba_evaluations_typologies\GIABA _ 94de6cfdf4d1a2b82c2a2b559716b308f14060ee3759d6bb16a7a7641caee4f1-1195_CASINO_Study_GIABA_ENG_finale-3-.pdf,assets\giaba-org__Frame__pdfviewer-94de6cfdf4d1a2b82c2a2b559716b308f14060ee3759d6bb16a7a7641caee4f1-1195_CASINO_Study_GIABA_ENG_finale-3---37dee6da35.pdf,.pdf,20967,4f415543538ef35eb97959b77a29e7e84639b19a2bf21d4428e7e2a2e846435b
giaba,4,GIABA / 952364e413b4bf7076c3d7328ced3b26261037f4edaf436ed1b5fd9657435927-3rd-FUR-Nigeria---English.pdf.pdf,02_giaba_evaluations_typologies\GIABA _ 952364e413b4bf7076c3d7328ced3b26261037f4edaf436ed1b5fd9657435927-3rd-FUR-Nigeria---English.pdf.pdf,assets\giaba-org__Frame__pdfviewer-952364e413b4bf7076c3d7328ced3b26261037f4edaf436ed1b5fd9657435927-3rd-FUR-Nigeria---English.pdf--4492d0dbde.pdf,.pdf,20947,d6e40510cfaf46dfa8dd8ca9e18de5ce555dd88804e55921f885ffa472b6bbbe
giaba,4,GIABA / 9814c695029a5ab2d202a4386f74bf6c1a5516b949816de2c4c00bdec502abc1-4th-FUR-Sierra-Leone---English.pdf.pdf,02_giaba_evaluations_typologies\GIABA _ 9814c695029a5ab2d202a4386f74bf6c1a5516b949816de2c4c00bdec502abc1-4th-FUR-Sierra-Leone---English.pdf.pdf,assets\giaba-org__Frame__pdfviewer-9814c695029a5ab2d202a4386f74bf6c1a5516b949816de2c4c00bdec502abc1-4th-FUR-Sierra-Leone---English.pdf--44609d0404.pdf,.pdf,20961,00ae242676b10ba6027f506005699c1a73c4071b065f562aa1832058ca65ad56
giaba,4,GIABA / 98828973aaba0c2e4b694fbb3f88db64d363efde15277b8dcb722fad5ee967ba-6TH_FUR_GAMBIA.pdf.pdf,02_giaba_evaluations_typologies\GIABA _ 98828973aaba0c2e4b694fbb3f88db64d363efde15277b8dcb722fad5ee967ba-6TH_FUR_GAMBIA.pdf.pdf,assets\giaba-org__Frame__pdfviewer-98828973aaba0c2e4b694fbb3f88db64d363efde15277b8dcb722fad5ee967ba-6TH_FUR_GAMBIA.pdf--15d8701b9d.pdf,.pdf,20909,721bf85b98418c21850af871d1925044fa10661e235efe6345a3be6dd2c3601e
giaba,4,GIABA / 99c19b8ca8a91ea3789cedc505302fabb8f2bdf9e78e181f53df56e1f979bb9a-Troisieme-Rapport-de-Suivi-Renforce-d.pdf,02_giaba_evaluations_typologies\GIABA _ 99c19b8ca8a91ea3789cedc505302fabb8f2bdf9e78e181f53df56e1f979bb9a-Troisieme-Rapport-de-Suivi-Renforce-d.pdf,assets\giaba-org__Frame__pdfviewer-99c19b8ca8a91ea3789cedc505302fabb8f2bdf9e78e181f53df56e1f979bb9a-Troisieme-Rapport-de-Suivi-Renforce-d--f43f71a182.pdf,.pdf,21057,81a144e86e8fb75bb9e98bff758177bf1697fe1e145fcb50e670441a3d501972
giaba,4,GIABA / 9cad0f346813907a975de867d74a0f64fae1bfaa0a0aff938f92875430e8419e-ENG---2nd-Enhanced-FUR-Guinea-11_6_25.pdf,02_giaba_evaluations_typologies\GIABA _ 9cad0f346813907a975de867d74a0f64fae1bfaa0a0aff938f92875430e8419e-ENG---2nd-Enhanced-FUR-Guinea-11_6_25.pdf,assets\giaba-org__Frame__pdfviewer-9cad0f346813907a975de867d74a0f64fae1bfaa0a0aff938f92875430e8419e-ENG---2nd-Enhanced-FUR-Guinea-11_6_25--79c2a90f0e.pdf,.pdf,20979,03ebab9470e309c381bbb2088da5d5670904c8769f3b2b4e99468dffdc290acf
giaba,4,GIABA / a0dfa22c879c89f7aebe8098d9a7df817cbf909299ba2c952ed4063562273973-7th-FUR-Nigeria---English.pdf.pdf,02_giaba_evaluations_typologies\GIABA _ a0dfa22c879c89f7aebe8098d9a7df817cbf909299ba2c952ed4063562273973-7th-FUR-Nigeria---English.pdf.pdf,assets\giaba-org__Frame__pdfviewer-a0dfa22c879c89f7aebe8098d9a7df817cbf909299ba2c952ed4063562273973-7th-FUR-Nigeria---English.pdf--3c3430f18d.pdf,.pdf,20947,7bbe4357e0560fcb5e35e0df05aad3ef30f511f220ef9c450161decc0221d93e
giaba,4,GIABA / a6888e847443a64bbf9cc089991ab362dd8bc13e4a84fc2bca76aae03149810b-2eme-Rapport-de-Suivi-Renforcee-de-lU.pdf,02_giaba_evaluations_typologies\GIABA _ a6888e847443a64bbf9cc089991ab362dd8bc13e4a84fc2bca76aae03149810b-2eme-Rapport-de-Suivi-Renforcee-de-lU.pdf,assets\giaba-org__Frame__pdfviewer-a6888e847443a64bbf9cc089991ab362dd8bc13e4a84fc2bca76aae03149810b-2eme-Rapport-de-Suivi-Renforcee-de-lU--9160ef9bbe.pdf,.pdf,21019,32ccd72a0f0eefa6f90543d96958b4b248bf2762d899f8e160608cf18f7373a5
giaba,4,GIABA / acbd9ec30ac309d844077fc298b9f55a264758d58ed7c7b57230bcd26faaca95-4TH_FUR_GHANA.pdf.pdf,02_giaba_evaluations_typologies\GIABA _ acbd9ec30ac309d844077fc298b9f55a264758d58ed7c7b57230bcd26faaca95-4TH_FUR_GHANA.pdf.pdf,assets\giaba-org__Frame__pdfviewer-acbd9ec30ac309d844077fc298b9f55a264758d58ed7c7b57230bcd26faaca95-4TH_FUR_GHANA.pdf--fd5d2dc756.pdf,.pdf,20907,467e53ac516e3d21a0623ffcfcaf1bf780268e58e4734a40f769b6c14efa9768
giaba,4,GIABA / af11955d07fda6888c7b80c518e3464230d180896cf033af37225be974b06985-5th-Enhanced-Follow-Up-Report-of-Beni.pdf,02_giaba_evaluations_typologies\GIABA _ af11955d07fda6888c7b80c518e3464230d180896cf033af37225be974b06985-5th-Enhanced-Follow-Up-Report-of-Beni.pdf,assets\giaba-org__Frame__pdfviewer-af11955d07fda6888c7b80c518e3464230d180896cf033af37225be974b06985-5th-Enhanced-Follow-Up-Report-of-Beni--6f4a39c20b.pdf,.pdf,20977,895bbed401914f6fa928340698c940f2358d3af2127d43989e811af8d7ab3f6c
giaba,4,GIABA / b6b87cbab0e239526c19b086d5605df4653acf3526a7a02c16242f6a2bff1cc4-Second-Enhanced-Follow-up-Report-of-t.pdf,02_giaba_evaluations_typologies\GIABA _ b6b87cbab0e239526c19b086d5605df4653acf3526a7a02c16242f6a2bff1cc4-Second-Enhanced-Follow-up-Report-of-t.pdf,assets\giaba-org__Frame__pdfviewer-b6b87cbab0e239526c19b086d5605df4653acf3526a7a02c16242f6a2bff1cc4-Second-Enhanced-Follow-up-Report-of-t--6a210aaee6.pdf,.pdf,21073,911279cdf460944704503b4aad7f3f62df2d96f0aa10b1ba5e53d0a2a8c7f556
giaba,4,GIABA / b7d4fdd519c966918db519499a593fabff8bcd3e4cd6948fd655ec637cf89e86-2nd-FUR-Nigeria---English.pdf.pdf,02_giaba_evaluations_typologies\GIABA _ b7d4fdd519c966918db519499a593fabff8bcd3e4cd6948fd655ec637cf89e86-2nd-FUR-Nigeria---English.pdf.pdf,assets\giaba-org__Frame__pdfviewer-b7d4fdd519c966918db519499a593fabff8bcd3e4cd6948fd655ec637cf89e86-2nd-FUR-Nigeria---English.pdf--7ab9e0e50f.pdf,.pdf,20947,693dab1907f06c2aea010575d5ebecfce31f7c6d5bd02cbeaa4ac8d0fb1b5450
giaba,4,GIABA / ba91a0a0bb9d6a7629b1892a45096cf6d75803efe975d14f87adefea439d5ba6-3RD_FUR_GHANA.pdf.pdf,02_giaba_evaluations_typologies\GIABA _ ba91a0a0bb9d6a7629b1892a45096cf6d75803efe975d14f87adefea439d5ba6-3RD_FUR_GHANA.pdf.pdf,assets\giaba-org__Frame__pdfviewer-ba91a0a0bb9d6a7629b1892a45096cf6d75803efe975d14f87adefea439d5ba6-3RD_FUR_GHANA.pdf--da48b738df.pdf,.pdf,20907,eb1ad09c143677a06d14f2dc6cb834bde02f2aefd2b09d1f37b45d71cce965fa
giaba,4,GIABA / bb7614adaa754713a1f27288ab6a187459fd8fdae93452edce8dca9a679f0710-7TH_FUR_GHANA.pdf.pdf,02_giaba_evaluations_typologies\GIABA _ bb7614adaa754713a1f27288ab6a187459fd8fdae93452edce8dca9a679f0710-7TH_FUR_GHANA.pdf.pdf,assets\giaba-org__Frame__pdfviewer-bb7614adaa754713a1f27288ab6a187459fd8fdae93452edce8dca9a679f0710-7TH_FUR_GHANA.pdf--1f0cb3b646.pdf,.pdf,20907,aa33d2119e1edbc6898a3cf08f8833954f276c7eed33c2e572de50a5eeda5286
giaba,4,GIABA / bbfb18277f6dd9718588e6302090199d3956507f2ce6930e9a17df27b35c00db-Process-and-Procedures-for-the-GIABA-.pdf,02_giaba_evaluations_typologies\GIABA _ bbfb18277f6dd9718588e6302090199d3956507f2ce6930e9a17df27b35c00db-Process-and-Procedures-for-the-GIABA-.pdf,assets\giaba-org__Frame__pdfviewer-bbfb18277f6dd9718588e6302090199d3956507f2ce6930e9a17df27b35c00db-Process-and-Procedures-for-the-GIABA---cf1dbee12c.pdf,.pdf,21119,928b76f2a5873d518bd76de020c3c8501f6f63de0cf34b92831a889fd206a7ff
giaba,4,GIABA / bc475191feb7ee5922db6561462a69aa70f4b0f4218aa0b88443c799ffccf1ba-1st-FUR-Sierra-Leone---English.pdf.pdf,02_giaba_evaluations_typologies\GIABA _ bc475191feb7ee5922db6561462a69aa70f4b0f4218aa0b88443c799ffccf1ba-1st-FUR-Sierra-Leone---English.pdf.pdf,assets\giaba-org__Frame__pdfviewer-bc475191feb7ee5922db6561462a69aa70f4b0f4218aa0b88443c799ffccf1ba-1st-FUR-Sierra-Leone---English.pdf--4bc36968be.pdf,.pdf,20961,0fa99f30dd7023e63d2912a8007f16dacf75a1b5f988a5672f8bb269c83202de
giaba,4,GIABA / bc674b90f9025e7a895c3e0539c4c0f3907f339cd7968bceede638e518edb2e9-4th-FUR-Nigeria---English.pdf.pdf,02_giaba_evaluations_typologies\GIABA _ bc674b90f9025e7a895c3e0539c4c0f3907f339cd7968bceede638e518edb2e9-4th-FUR-Nigeria---English.pdf.pdf,assets\giaba-org__Frame__pdfviewer-bc674b90f9025e7a895c3e0539c4c0f3907f339cd7968bceede638e518edb2e9-4th-FUR-Nigeria---English.pdf--3d9e2a7cdb.pdf,.pdf,20947,87630654ab743a465dc963f200c645c7914e7fa51d1b0a8141b6c8aaee68a9e5
giaba,4,GIABA / bd2ebe5b53626b043ad8a9d50c13f09e7297058050a0b4b0300f16952f714db8-Sierra-Leone---4th-Enhanced-FUR.pdf.pdf,02_giaba_evaluations_typologies\GIABA _ bd2ebe5b53626b043ad8a9d50c13f09e7297058050a0b4b0300f16952f714db8-Sierra-Leone---4th-Enhanced-FUR.pdf.pdf,assets\giaba-org__Frame__pdfviewer-bd2ebe5b53626b043ad8a9d50c13f09e7297058050a0b4b0300f16952f714db8-Sierra-Leone---4th-Enhanced-FUR.pdf--d74a5d9289.pdf,.pdf,20963,c67ffe85ce503b6221923d62e2e4b018d98004cab7f1c473e4dff7c3a61f7af1
giaba,4,GIABA / c37a0cac84e31bbd91ca181698f610a5c39ee2b1bb9ef32278862577628e9a71-COMUNICADO-DE-IMPRENSA-ANTES-DO-EVENT.pdf,02_giaba_evaluations_typologies\GIABA _ c37a0cac84e31bbd91ca181698f610a5c39ee2b1bb9ef32278862577628e9a71-COMUNICADO-DE-IMPRENSA-ANTES-DO-EVENT.pdf,assets\giaba-org__Frame__pdfviewer-c37a0cac84e31bbd91ca181698f610a5c39ee2b1bb9ef32278862577628e9a71-COMUNICADO-DE-IMPRENSA-ANTES-DO-EVENT--b8d212ba42.pdf,.pdf,21171,125d149b1d671cb2712ae538ab680b196dd9c41058cf4e81af0578bdfb6e9ff1
giaba,4,GIABA / c4da9e19e41ece3bd1ad65c3c8ddbc5967003eb3549b68f3548be05249f59b1e-giaba 12-annual-report_-ENG.pdf.pdf,02_giaba_evaluations_typologies\GIABA _ c4da9e19e41ece3bd1ad65c3c8ddbc5967003eb3549b68f3548be05249f59b1e-giaba 12-annual-report_-ENG.pdf.pdf,assets\giaba-org__Frame__pdfviewer-c4da9e19e41ece3bd1ad65c3c8ddbc5967003eb3549b68f3548be05249f59b1e-giaba-2012-annual-report_-ENG.pdf--f4950d63ce.pdf,.pdf,20943,95d9b9169fbdc833095c8484ba9a7ddf1af8de0dcb5ddc5beba03ec46e889ee0
giaba,4,GIABA / c4f9c6ebf351ed6ca911e9928b66211d9eb7e1c40c5c1bbe0d8b9f33d629803a-2ND_FUR_GAMBIA.pdf.pdf,02_giaba_evaluations_typologies\GIABA _ c4f9c6ebf351ed6ca911e9928b66211d9eb7e1c40c5c1bbe0d8b9f33d629803a-2ND_FUR_GAMBIA.pdf.pdf,assets\giaba-org__Frame__pdfviewer-c4f9c6ebf351ed6ca911e9928b66211d9eb7e1c40c5c1bbe0d8b9f33d629803a-2ND_FUR_GAMBIA.pdf--27443c7260.pdf,.pdf,20909,d90fb4aa464dcaac5f92a4c928300f4b6c0ffe32cadf0ec7e877c89ee84cbd7d
giaba,4,GIABA / c7a5d9aaf2fc3986320627fadaf60c3dfc25693a2c34ddc5fe17b7f045685a58-5o-Relatorio-de-Seguimento-Reforcado-.pdf,02_giaba_evaluations_typologies\GIABA _ c7a5d9aaf2fc3986320627fadaf60c3dfc25693a2c34ddc5fe17b7f045685a58-5o-Relatorio-de-Seguimento-Reforcado-.pdf,assets\giaba-org__Frame__pdfviewer-c7a5d9aaf2fc3986320627fadaf60c3dfc25693a2c34ddc5fe17b7f045685a58-5o-Relatorio-de-Seguimento-Reforcado---e6bcf451e2.pdf,.pdf,20995,f54b9e6321edde19e2b9c01fad69446cf5c780e5d869d056b07f45c9e37f54ce
giaba,4,GIABA / cd123026c27473169902aadd7cc3198898243510c731ca9616e5b3f825ce2ab4-5TH_FUR_GAMBIA.pdf.pdf,02_giaba_evaluations_typologies\GIABA _ cd123026c27473169902aadd7cc3198898243510c731ca9616e5b3f825ce2ab4-5TH_FUR_GAMBIA.pdf.pdf,assets\giaba-org__Frame__pdfviewer-cd123026c27473169902aadd7cc3198898243510c731ca9616e5b3f825ce2ab4-5TH_FUR_GAMBIA.pdf--eab4422a3e.pdf,.pdf,20909,812674e3bc41b57a559e6c8b166046bdfb9ef14598dfb149ed58aae61d4378e5
giaba,4,GIABA / cfe4af8c085f651b76f8f7e17ff17fa9841620863d876588df87ae82746256fe-POST-EVENT-PRESS-RELEASE-WEST-AFRICAN.pdf,02_giaba_evaluations_typologies\GIABA _ cfe4af8c085f651b76f8f7e17ff17fa9841620863d876588df87ae82746256fe-POST-EVENT-PRESS-RELEASE-WEST-AFRICAN.pdf,assets\giaba-org__Frame__pdfviewer-cfe4af8c085f651b76f8f7e17ff17fa9841620863d876588df87ae82746256fe-POST-EVENT-PRESS-RELEASE-WEST-AFRICAN--772ff42f34.pdf,.pdf,21033,83088d816eab5af4ad1b383dac442e8214cbb88e8859dc765746ec64f2b159ea
giaba,4,GIABA / d23554767a9fc93703ecb7123627d6095ec1be43c0e06926e4d6fcbd6829b475-ENG---MER-of-the-Union-of-the-Comoros.pdf,02_giaba_evaluations_typologies\GIABA _ d23554767a9fc93703ecb7123627d6095ec1be43c0e06926e4d6fcbd6829b475-ENG---MER-of-the-Union-of-the-Comoros.pdf,assets\giaba-org__Frame__pdfviewer-d23554767a9fc93703ecb7123627d6095ec1be43c0e06926e4d6fcbd6829b475-ENG---MER-of-the-Union-of-the-Comoros--cadb0daf5e.pdf,.pdf,21003,dc6935af9ced577d6c2c22cb26f651742ea4368b2585d16eac351422b70be374
giaba,4,GIABA / d4063f8529547fedf2a12a91ecfb691e31549db0e2c03b5d2b2ab38d8f329020-REV_FUR_GHANA_POST-PLENARY.pdf.pdf,02_giaba_evaluations_typologies\GIABA _ d4063f8529547fedf2a12a91ecfb691e31549db0e2c03b5d2b2ab38d8f329020-REV_FUR_GHANA_POST-PLENARY.pdf.pdf,assets\giaba-org__Frame__pdfviewer-d4063f8529547fedf2a12a91ecfb691e31549db0e2c03b5d2b2ab38d8f329020-REV_FUR_GHANA_POST-PLENARY.pdf--3c0033b911.pdf,.pdf,20937,7ad6ab864d6311d1febdf4bba708ac553f1c950482d620372556a254631d841c
giaba,4,GIABA / d5fea9f546bedcd6c617ce49a344bf15fded2ea4c967475d5b9651174a6728e5-1ST_FUR_GAMBIA.pdf.pdf,02_giaba_evaluations_typologies\GIABA _ d5fea9f546bedcd6c617ce49a344bf15fded2ea4c967475d5b9651174a6728e5-1ST_FUR_GAMBIA.pdf.pdf,assets\giaba-org__Frame__pdfviewer-d5fea9f546bedcd6c617ce49a344bf15fded2ea4c967475d5b9651174a6728e5-1ST_FUR_GAMBIA.pdf--456e4a944f.pdf,.pdf,20909,fa011cfa43160490aef18e511af6f17f2a5615a6acad3efd5778a0735e11c8c8
giaba,4,GIABA / d7ca9ef71f60846573bf0bcef4fcc4b05c8f2f2fc194c15118edbd465dbdab5c-7TH_FUR_GAMBIA.pdf.pdf,02_giaba_evaluations_typologies\GIABA _ d7ca9ef71f60846573bf0bcef4fcc4b05c8f2f2fc194c15118edbd465dbdab5c-7TH_FUR_GAMBIA.pdf.pdf,assets\giaba-org__Frame__pdfviewer-d7ca9ef71f60846573bf0bcef4fcc4b05c8f2f2fc194c15118edbd465dbdab5c-7TH_FUR_GAMBIA.pdf--e9179687bd.pdf,.pdf,20909,02c5f8f3b7ba6f890bb1a274f258e19fa531786e931518da275b120057b07606
giaba,4,GIABA / dac42d590a2acb17d93264d25dae4cef3f40a8db885b2557712efbea63cb0d49-Process-and-Procedures-for-the-GIABA-.pdf,02_giaba_evaluations_typologies\GIABA _ dac42d590a2acb17d93264d25dae4cef3f40a8db885b2557712efbea63cb0d49-Process-and-Procedures-for-the-GIABA-.pdf,assets\giaba-org__Frame__pdfviewer-dac42d590a2acb17d93264d25dae4cef3f40a8db885b2557712efbea63cb0d49-Process-and-Procedures-for-the-GIABA---11a560d73a.pdf,.pdf,21139,5df1026b159a2a4237274f76cac390409f06a5e7e7c8cfb9b4f5865b55b9e660
giaba,4,GIABA / db615276b5764ad78cd78709209edec0c41824bdebfec8bb4f505645fbbd6cd1-7th-FUR-Sierra-Leone---English.pdf.pdf,02_giaba_evaluations_typologies\GIABA _ db615276b5764ad78cd78709209edec0c41824bdebfec8bb4f505645fbbd6cd1-7th-FUR-Sierra-Leone---English.pdf.pdf,assets\giaba-org__Frame__pdfviewer-db615276b5764ad78cd78709209edec0c41824bdebfec8bb4f505645fbbd6cd1-7th-FUR-Sierra-Leone---English.pdf--7466705787.pdf,.pdf,20961,09e0f9348bf4689525bc62d65036b76210d65f4e8c29f54fe2838d74e4dd4b56
giaba,4,GIABA / db94ba4c03228da0f4c822ef4e64611270a3c0f8439dac27772976ed939bed78-Sao-Tome-and-Principe---MER 24.pdf.pdf,02_giaba_evaluations_typologies\GIABA _ db94ba4c03228da0f4c822ef4e64611270a3c0f8439dac27772976ed939bed78-Sao-Tome-and-Principe---MER 24.pdf.pdf,assets\giaba-org__Frame__pdfviewer-db94ba4c03228da0f4c822ef4e64611270a3c0f8439dac27772976ed939bed78-Sao-Tome-and-Principe---MER-2024.pdf--e79ea83229.pdf,.pdf,20969,2ee87bba18ee7d664e6fc95f182be2aec6349f5f9a4f244d6e7e0d852bf1eac1
giaba,4,GIABA / dbac5439e84c5c0ff506f8315f3f42a581dc0fd631c0d1c9cef79b424b51e257-MER-Action-Plan-Nigeria---English.pdf.pdf,02_giaba_evaluations_typologies\GIABA _ dbac5439e84c5c0ff506f8315f3f42a581dc0fd631c0d1c9cef79b424b51e257-MER-Action-Plan-Nigeria---English.pdf.pdf,assets\giaba-org__Frame__pdfviewer-dbac5439e84c5c0ff506f8315f3f42a581dc0fd631c0d1c9cef79b424b51e257-MER-Action-Plan-Nigeria---English.pdf--961b8f90db.pdf,.pdf,20967,23584bc12b2207544f41883559c73f5e969632190913e4bb7c815b76d66000b9
giaba,4,GIABA / e27a04949f8369444a5d8c24eaec2acc6f2ae92fbc892846e7afbc3b5681c5c1-ENG---NIGERIA-2ND-ENHANCED-FUR.pdf.pdf,02_giaba_evaluations_typologies\GIABA _ e27a04949f8369444a5d8c24eaec2acc6f2ae92fbc892846e7afbc3b5681c5c1-ENG---NIGERIA-2ND-ENHANCED-FUR.pdf.pdf,assets\giaba-org__Frame__pdfviewer-e27a04949f8369444a5d8c24eaec2acc6f2ae92fbc892846e7afbc3b5681c5c1-ENG---NIGERIA-2ND-ENHANCED-FUR.pdf--ba0c5250fa.pdf,.pdf,20961,22d90761b40d4325a4389ba4a775c752e744340ecc1fe79f9a9ede20bf7374b1
giaba,4,GIABA / e621199791b0096cab4ecad7c7f246cd1482c329eed7572c94e18d43871faea8-ENG---Sierra-Leone-5th-Enhanced-Follo.pdf,02_giaba_evaluations_typologies\GIABA _ e621199791b0096cab4ecad7c7f246cd1482c329eed7572c94e18d43871faea8-ENG---Sierra-Leone-5th-Enhanced-Follo.pdf,assets\giaba-org__Frame__pdfviewer-e621199791b0096cab4ecad7c7f246cd1482c329eed7572c94e18d43871faea8-ENG---Sierra-Leone-5th-Enhanced-Follo--dd1c6016eb.pdf,.pdf,21005,3e3a2556a0adc0e90f8535442543be9e912702ad768eba0eac9a2ed86fb19a89
giaba,4,GIABA / e7ae5ede74538d8341ccb1418de570d8d7734b218df5ba258c7405080e3a7fae-5TH_FUR_GHANA.pdf.pdf,02_giaba_evaluations_typologies\GIABA _ e7ae5ede74538d8341ccb1418de570d8d7734b218df5ba258c7405080e3a7fae-5TH_FUR_GHANA.pdf.pdf,assets\giaba-org__Frame__pdfviewer-e7ae5ede74538d8341ccb1418de570d8d7734b218df5ba258c7405080e3a7fae-5TH_FUR_GHANA.pdf--5c98c8b02f.pdf,.pdf,20907,c2b40ea831da311317d71de208ef6929c48c4db7107edcb0332b20f1a756ab7f
giaba,4,GIABA / ebb11a4e3827b0dcf4b66682b802f3f0841fb5d58cce6f9957dcb123029c86ca-Republic-of-Mali---6th-Enhanced-Follo.pdf,02_giaba_evaluations_typologies\GIABA _ ebb11a4e3827b0dcf4b66682b802f3f0841fb5d58cce6f9957dcb123029c86ca-Republic-of-Mali---6th-Enhanced-Follo.pdf,assets\giaba-org__Frame__pdfviewer-ebb11a4e3827b0dcf4b66682b802f3f0841fb5d58cce6f9957dcb123029c86ca-Republic-of-Mali---6th-Enhanced-Follo--0f44c6ff5a.pdf,.pdf,21011,59cb7fb04e33ffdc7735f2051bd0627c85f87b08e93f985b681ee4a8876ecc1d
giaba,4,GIABA / ed6268273f47908167d7db9368666523bffc03367417ad8f1120625988e615b9-ENG---6th-FUR-Senegal.pdf.pdf,02_giaba_evaluations_typologies\GIABA _ ed6268273f47908167d7db9368666523bffc03367417ad8f1120625988e615b9-ENG---6th-FUR-Senegal.pdf.pdf,assets\giaba-org__Frame__pdfviewer-ed6268273f47908167d7db9368666523bffc03367417ad8f1120625988e615b9-ENG---6th-FUR-Senegal.pdf--bec70e9588.pdf,.pdf,20939,19c3253e3bc796393cc3adbe022b2f392a9ef4d4430eff4dd6de6dedca7c3316
giaba,4,GIABA / ed7e54a9463f405f2c8caff31a6c5da7ee81eb322ea4764b4599d4f8688afba9-769_ENG--Strategic-Review-of-GIABA-Fi.pdf,02_giaba_evaluations_typologies\GIABA _ ed7e54a9463f405f2c8caff31a6c5da7ee81eb322ea4764b4599d4f8688afba9-769_ENG--Strategic-Review-of-GIABA-Fi.pdf,assets\giaba-org__Frame__pdfviewer-ed7e54a9463f405f2c8caff31a6c5da7ee81eb322ea4764b4599d4f8688afba9-769_ENG--Strategic-Review-of-GIABA-Fi--d0adccb880.pdf,.pdf,21121,95ce5e7975faf767031222107a743a3eb5cde2297a8e142cc609dfa500e2116c
giaba,4,GIABA / f0bb53fcf83ce1ebff53b5c4b1f0eaed18d4f562a7bb7ee13a39a435b2828a8f-SCI-09-Avis-Assistant-en-Administrati.pdf,02_giaba_evaluations_typologies\GIABA _ f0bb53fcf83ce1ebff53b5c4b1f0eaed18d4f562a7bb7ee13a39a435b2828a8f-SCI-09-Avis-Assistant-en-Administrati.pdf,assets\giaba-org__Frame__pdfviewer-f0bb53fcf83ce1ebff53b5c4b1f0eaed18d4f562a7bb7ee13a39a435b2828a8f-SCI-09-Avis-Assistant-en-Administrati--d6ee2c4ae2.pdf,.pdf,21039,4ecba292367a973ae6e4c4d01cf4c5ec7d520767b8f2a307b75374e5473207c1
giaba,4,GIABA / f10c73df474db3c99d9a510b230cede9e859493a4d6be1b4e97829074c793375-PORT---IMC_NCC-Operational-Manual_Fin.pdf,02_giaba_evaluations_typologies\GIABA _ f10c73df474db3c99d9a510b230cede9e859493a4d6be1b4e97829074c793375-PORT---IMC_NCC-Operational-Manual_Fin.pdf,assets\giaba-org__Frame__pdfviewer-f10c73df474db3c99d9a510b230cede9e859493a4d6be1b4e97829074c793375-PORT---IMC_NCC-Operational-Manual_Fin--86c3adff0b.pdf,.pdf,20975,41c16dc6e5972405c13fc2150914d43dbe701dbe544df07a01f0b6b74a12ae62
giaba,4,GIABA / f48c74bd084884fd5f837cfc816b074a1afb3dd97108cd96dbc71a10b109aa39-ENG---6th-Enhanced-Follow-Up-Report-o.pdf,02_giaba_evaluations_typologies\GIABA _ f48c74bd084884fd5f837cfc816b074a1afb3dd97108cd96dbc71a10b109aa39-ENG---6th-Enhanced-Follow-Up-Report-o.pdf,assets\giaba-org__Frame__pdfviewer-f48c74bd084884fd5f837cfc816b074a1afb3dd97108cd96dbc71a10b109aa39-ENG---6th-Enhanced-Follow-Up-Report-o--e70c819203.pdf,.pdf,21011,1966ca25b89a89ec6a56df78e4fa529501d8e41f5ab9d989e7528764c792eaae
giaba,4,GIABA / f55bd9f3336f5b90c536a80bae01e22eec06cfd3bb6066b0f111af0ee7bb4ccf-1030_TYPOLOGIES-REPORT-ON-MLG-ARISING.pdf,02_giaba_evaluations_typologies\GIABA _ f55bd9f3336f5b90c536a80bae01e22eec06cfd3bb6066b0f111af0ee7bb4ccf-1030_TYPOLOGIES-REPORT-ON-MLG-ARISING.pdf,assets\giaba-org__Frame__pdfviewer-f55bd9f3336f5b90c536a80bae01e22eec06cfd3bb6066b0f111af0ee7bb4ccf-1030_TYPOLOGIES-REPORT-ON-MLG-ARISING--5bfa6593b1.pdf,.pdf,21089,45bcabe3ec43016f0de49bac7c3c026fbee48f09b51195289edb1aaab3b55e20
giaba,4,GIABA / f65eee74f6cf868b5b7b068a86180e4e687637b9bf33e14e62590801c08ae01a-ENG---GIABA 26-Technical-Assistance.pdf,02_giaba_evaluations_typologies\GIABA _ f65eee74f6cf868b5b7b068a86180e4e687637b9bf33e14e62590801c08ae01a-ENG---GIABA 26-Technical-Assistance.pdf,assets\giaba-org__Frame__pdfviewer-f65eee74f6cf868b5b7b068a86180e4e687637b9bf33e14e62590801c08ae01a-ENG---GIABA-2026-Technical-Assistance--aabe34ec41.pdf,.pdf,21061,06eb981409cbd556bda6ffcb831f49928771cddc52fd1576942b008f8b56946b
giaba,4,GIABA / fb9b83873e90f2e76401eab3abe87952c9ce85b572e29bc5576a71307e6318f0-ENG---1st-Follow-Up-Report-of-Cote-dI.pdf,02_giaba_evaluations_typologies\GIABA _ fb9b83873e90f2e76401eab3abe87952c9ce85b572e29bc5576a71307e6318f0-ENG---1st-Follow-Up-Report-of-Cote-dI.pdf,assets\giaba-org__Frame__pdfviewer-fb9b83873e90f2e76401eab3abe87952c9ce85b572e29bc5576a71307e6318f0-ENG---1st-Follow-Up-Report-of-Cote-dI--57b77f9395.pdf,.pdf,20993,6908c31164b289ad56fa4e3eca12cab435224288ce869a108ad5176ed0b80aeb
giaba,4,GIABA / fde9fdf6f4c448efd78854e11744654391a7c627071483d191b076694d70e2ae-335_MER-Action-Plan-Guinee-Bissau---E.pdf,02_giaba_evaluations_typologies\GIABA _ fde9fdf6f4c448efd78854e11744654391a7c627071483d191b076694d70e2ae-335_MER-Action-Plan-Guinee-Bissau---E.pdf,assets\giaba-org__Frame__pdfviewer-fde9fdf6f4c448efd78854e11744654391a7c627071483d191b076694d70e2ae-335_MER-Action-Plan-Guinee-Bissau---E--d8f3695f8f.pdf,.pdf,20991,2dd33ceed424c1a4358cb57c54f63f063831e8b84fd86415c452efcfeb8f108a
cif,3,CIF / avis-de-manifestation-dinteret-constitution-de-base-de-donnees_cif-burkina-faso_vf.pdf.pdf,04_contexte_cif_sfd\CIF _ avis-de-manifestation-dinteret-constitution-de-base-de-donnees_cif-burkina-faso_vf.pdf.pdf,assets\wp-content__uploads__avis-de-manifestation-dinteret-constitution-de-base-de-donnees_cif-burkina-faso_vf.pdf--8b6a44d5ca.pdf,.pdf,1026852,620b3f3c2952ce58d3248035c7ad8258fa35ea9e5943133a366734754cfdbfb5
cif,3,CIF / dao-recrutement-cabinet_etude-cif-iard_vf.pdf.pdf,04_contexte_cif_sfd\CIF _ dao-recrutement-cabinet_etude-cif-iard_vf.pdf.pdf,assets\wp-content__uploads__dao-recrutement-cabinet_etude-cif-iard_vf.pdf--058ae45ef7.pdf,.pdf,176613,10242808b53337b72cc07bdc3e2b4d46aa5be12d41c7ff279ff976deffe2516f
cif,3,CIF / dao_-pour-recrutement-facilitateur-projet-digicoop-wa.pdf.pdf,04_contexte_cif_sfd\CIF _ dao_-pour-recrutement-facilitateur-projet-digicoop-wa.pdf.pdf,assets\wp-content__uploads__dao_-pour-recrutement-facilitateur-projet-digicoop-wa.pdf--d553a914cf.pdf,.pdf,183253,9dec849e1d54dd059a46e816487910e9bb046bc2854e6c1311d3af81581e6060
cif,3,CIF / entente-cif-did.pdf.pdf,04_contexte_cif_sfd\CIF _ entente-cif-did.pdf.pdf,assets\wp-content__uploads__entente-cif-did.pdf--0c935b0825.pdf,.pdf,287842,8ea6f250cad288a461c32f67f91d475ac183b8155dd027c8453d680fab667e1d
cif,3,CIF / la-scbf-sengage-aux-cotes-du-reseau-cif-pour-la-digitalisation-du-syscofop-et-leducation-.pdf,04_contexte_cif_sfd\CIF _ la-scbf-sengage-aux-cotes-du-reseau-cif-pour-la-digitalisation-du-syscofop-et-leducation-.pdf,assets\wp-content__uploads__la-scbf-sengage-aux-cotes-du-reseau-cif-pour-la-digitalisation-du-syscofop-et-leducation---9549a0f20c.pdf,.pdf,316226,64e98b2cec91ec55523b230cca0efd3fb4750c0f177f3992748caec365fcd0b3
cif,3,CIF / resultats_selection_benin_cif_2026.pdf.pdf,04_contexte_cif_sfd\CIF _ resultats_selection_benin_cif_2026.pdf.pdf,assets\wp-content__uploads__resultats_selection_benin_cif_2026.pdf--9a2074d101.pdf,.pdf,76662,68f3c3842355be824b6ae9cff3b89805cd5b37d0eaf7bc4a46b7e9d120349ab0
cif,3,CIF / resultats_selection_burkina_faso_cif_2026.pdf.pdf,04_contexte_cif_sfd\CIF _ resultats_selection_burkina_faso_cif_2026.pdf.pdf,assets\wp-content__uploads__resultats_selection_burkina_faso_cif_2026.pdf--9823b91fcd.pdf,.pdf,76354,b8c4e2fcd064f19b9273babbc79a55c62d2d95556aea6f1b0cd7c9f3e1ab1621
cif,3,CIF / resultats_selection_mali_cif_2026.pdf.pdf,04_contexte_cif_sfd\CIF _ resultats_selection_mali_cif_2026.pdf.pdf,assets\wp-content__uploads__resultats_selection_mali_cif_2026.pdf--b54dc83a17.pdf,.pdf,75895,2febb4cb8d5d01fc7f276c8f04dd71c0282b221f7b2b267f1cdb062040bd6e4b
cif,3,CIF / resultats_selection_senegal_cif_2026.pdf.pdf,04_contexte_cif_sfd\CIF _ resultats_selection_senegal_cif_2026.pdf.pdf,assets\wp-content__uploads__resultats_selection_senegal_cif_2026.pdf--5df58f433b.pdf,.pdf,76326,9ab260b42e8eee1d8e660c330f26745dd49086248be4da4e02e8219b0e191908
cif,3,CIF / resultats_selection_togo_cif_2026.pdf.pdf,04_contexte_cif_sfd\CIF _ resultats_selection_togo_cif_2026.pdf.pdf,assets\wp-content__uploads__resultats_selection_togo_cif_2026.pdf--0d077ef8a5.pdf,.pdf,75986,0b83c560d22f50b3059087bfa8fd7783191317a21fdbfd2e375a884805f409e5
cif,3,CIF / tdr-conception-capsule-education-financiere-_-digicoop-wa.pdf.pdf,04_contexte_cif_sfd\CIF _ tdr-conception-capsule-education-financiere-_-digicoop-wa.pdf.pdf,assets\wp-content__uploads__tdr-conception-capsule-education-financiere-_-digicoop-wa.pdf--434f5df344.pdf,.pdf,189488,07a9ef1c14569ad97cf2c8e6f88f88dcff1913526ced3ea3252414b29e884fff
cif,3,CIF / tdr-formation-des-inspecteurs-de-la-cif-vf-1.pdf.pdf,04_contexte_cif_sfd\CIF _ tdr-formation-des-inspecteurs-de-la-cif-vf-1.pdf.pdf,assets\wp-content__uploads__tdr-formation-des-inspecteurs-de-la-cif-vf-1.pdf--be6ce47a9a.pdf,.pdf,229482,d047f933f6ef2f8a99fdaf5dbd21adc17a1b3d2dff698bd09ca57dab3f04edba
cif,3,CIF / tdr-formation-des-inspecteurs-de-la-cif-vf.pdf.pdf,04_contexte_cif_sfd\CIF _ tdr-formation-des-inspecteurs-de-la-cif-vf.pdf.pdf,assets\wp-content__uploads__tdr-formation-des-inspecteurs-de-la-cif-vf.pdf--45daf48493.pdf,.pdf,236352,21e8f9a620d5be330fb8bbf40a0b7893938d3829cfb08e3ca059bf831f041e81
cif,3,CIF / tdr-gestion-des-connaissances-sur-les-acquis-du-projet-digicoop-wa.pdf.pdf,04_contexte_cif_sfd\CIF _ tdr-gestion-des-connaissances-sur-les-acquis-du-projet-digicoop-wa.pdf.pdf,assets\wp-content__uploads__tdr-gestion-des-connaissances-sur-les-acquis-du-projet-digicoop-wa.pdf--2f702468de.pdf,.pdf,1739525,20e1ccfb774a4440ca259cc6936d73633c8a825a0c1ca351ea686af9be8e1ea2
cif,3,CIF / tdr-realisation-dun-film-de-capitalisation-projet-digicoop-wa.pdf.pdf,04_contexte_cif_sfd\CIF _ tdr-realisation-dun-film-de-capitalisation-projet-digicoop-wa.pdf.pdf,assets\wp-content__uploads__tdr-realisation-dun-film-de-capitalisation-projet-digicoop-wa.pdf--f4c6bc571a.pdf,.pdf,1449724,0fc1437e2490fdcfbc795bff58e3d27b81626b52a18c594755d6dc82b1a85578
cif,3,CIF / tdr-recrutement-auditeur-financier-digicoop-wa.pdf.pdf,04_contexte_cif_sfd\CIF _ tdr-recrutement-auditeur-financier-digicoop-wa.pdf.pdf,assets\wp-content__uploads__tdr-recrutement-auditeur-financier-digicoop-wa.pdf--05a9151633.pdf,.pdf,3119162,1fc7aacc93be7b7adbaa5f216bb93e1ed56382b2a8b4311129e8a357309aed60
cif,3,CIF / tdr-recrutement-dun-cabinet-pour-lelaboration-de-la-strategie-de-transformation-digitale..pdf,04_contexte_cif_sfd\CIF _ tdr-recrutement-dun-cabinet-pour-lelaboration-de-la-strategie-de-transformation-digitale..pdf,assets\wp-content__uploads__tdr-recrutement-dun-cabinet-pour-lelaboration-de-la-strategie-de-transformation-digitale.--6ec9d903a5.pdf,.pdf,196277,6b49b8d9aaff7e8895fb4a2c2d7436062cf095bf68d634382a34d33b8c5eff14
cif,3,CIF / tdr-recrutement-dun-consultant-pour-lelaboration-dune-strategie-doperationnalisation-dune.pdf,04_contexte_cif_sfd\CIF _ tdr-recrutement-dun-consultant-pour-lelaboration-dune-strategie-doperationnalisation-dune.pdf,assets\wp-content__uploads__tdr-recrutement-dun-consultant-pour-lelaboration-dune-strategie-doperationnalisation-dune--caafca4ee4.pdf,.pdf,276935,ecc56e9d28d6bf94d13b5e5ca71abd846cb06d50bbebc996048fe3388b33269e
cif,3,CIF / tdr-recrutement-dun-prestataire-en-webmarketing.pdf.pdf,04_contexte_cif_sfd\CIF _ tdr-recrutement-dun-prestataire-en-webmarketing.pdf.pdf,assets\wp-content__uploads__tdr-recrutement-dun-prestataire-en-webmarketing.pdf--d64b28e921.pdf,.pdf,209573,b0bd6d5a976cb6be209ed0e19c655fbf145f37770b11747d9cb467224e0b1c7c
cif,3,CIF / tdr-recrutement-dun-prestataire-pour-lelaboration-du-plan-daffaires 26 30.pdf.pdf,04_contexte_cif_sfd\CIF _ tdr-recrutement-dun-prestataire-pour-lelaboration-du-plan-daffaires 26 30.pdf.pdf,assets\wp-content__uploads__tdr-recrutement-dun-prestataire-pour-lelaboration-du-plan-daffaires-2026-2030.pdf--1c37d5294f.pdf,.pdf,356967,bac131bbbdddb1c0af2db6d81356c8cb3241c91ecd931b0cc68802cc668efb2d
cif,3,CIF / tdr-recrutement-dun-prestataire-pour-team-building-mobilisation-des-ressources-et-intelli.pdf,04_contexte_cif_sfd\CIF _ tdr-recrutement-dun-prestataire-pour-team-building-mobilisation-des-ressources-et-intelli.pdf,assets\wp-content__uploads__tdr-recrutement-dun-prestataire-pour-team-building-mobilisation-des-ressources-et-intelli--ec8b0a03f8.pdf,.pdf,394538,ddd89ab2374273f31abea67159824b7c7917f2476e2cb81607ea619efd92fc16
cif,3,CIF / tdr-recrutement-dun-prestataire_accueil-24042025.pdf.pdf,04_contexte_cif_sfd\CIF _ tdr-recrutement-dun-prestataire_accueil-24042025.pdf.pdf,assets\wp-content__uploads__tdr-recrutement-dun-prestataire_accueil-24042025.pdf--136595c1f2.pdf,.pdf,377358,37175e43cea2f24e083e4323477b093a7af3442e9c9e5678bebd2016b7bd29a9
cif,3,CIF / tdr-team-building-et-elaboration-plan-de-developpement-des-competences-cif_vf.pdf.pdf,04_contexte_cif_sfd\CIF _ tdr-team-building-et-elaboration-plan-de-developpement-des-competences-cif_vf.pdf.pdf,assets\wp-content__uploads__tdr-team-building-et-elaboration-plan-de-developpement-des-competences-cif_vf.pdf--af2865f64d.pdf,.pdf,348193,eb2930aeb36b0a2daec4fa19fb9a3adae9680a946eb3ac349aa54cd6c01eee4c
cif,3,CIF / tdr_-recrutement-auditeur-projet-digicoop_vf.pdf.pdf,04_contexte_cif_sfd\CIF _ tdr_-recrutement-auditeur-projet-digicoop_vf.pdf.pdf,assets\wp-content__uploads__tdr_-recrutement-auditeur-projet-digicoop_vf.pdf--60bc9c02d5.pdf,.pdf,440734,ffd9bafbecc577c0b5565dd07339d984a07a97c2eb5993ab1b81af81dcb7d475
cif,3,CIF / tdr_elaboration-dun-schema-directeur-informatique-pour-la-cif.pdf.pdf,04_contexte_cif_sfd\CIF _ tdr_elaboration-dun-schema-directeur-informatique-pour-la-cif.pdf.pdf,assets\wp-content__uploads__tdr_elaboration-dun-schema-directeur-informatique-pour-la-cif.pdf--124667c312.pdf,.pdf,170739,42b39f144b2046f564a1530f6e9315144a6995f3fd88001a0138161d60d3129c
cif,3,CIF / tdr_recrutement-consultant_fonds-dinves_vf.pdf.pdf,04_contexte_cif_sfd\CIF _ tdr_recrutement-consultant_fonds-dinves_vf.pdf.pdf,assets\wp-content__uploads__tdr_recrutement-consultant_fonds-dinves_vf.pdf--91b8ec32b5.pdf,.pdf,200259,6c72ffea8629345f56a3a7a20d6b273dea606343f1458127a574131dee064c44
cif,3,CIF / tdr_recrutement_cabinet_formation_transf_digitale-rev.pdf.pdf,04_contexte_cif_sfd\CIF _ tdr_recrutement_cabinet_formation_transf_digitale-rev.pdf.pdf,assets\wp-content__uploads__tdr_recrutement_cabinet_formation_transf_digitale-rev.pdf--e0bb0861e6.pdf,.pdf,213803,31694e8d43fe4d06c27e532e38c5e7375822acad2d759d37c6d45a1674889bdc
cif,3,CIF / tdr_recrutement_devs.pdf.pdf,04_contexte_cif_sfd\CIF _ tdr_recrutement_devs.pdf.pdf,assets\wp-content__uploads__tdr_recrutement_devs.pdf--8fc9a897a3.pdf,.pdf,151803,57d25afb9a124cee5ea4c96794094528a0fe238ea0bea53774d2c3470bf322b7
cif,3,CIF / tdr_refonte_site_web_cif-1.pdf.pdf,04_contexte_cif_sfd\CIF _ tdr_refonte_site_web_cif-1.pdf.pdf,assets\wp-content__uploads__tdr_refonte_site_web_cif-1.pdf--534bb5c184.pdf,.pdf,187798,d16cab51252efe2c55f37c1db9a11de7ab057ab77921be34d504b0fd28c99ca0
cif,3,CIF / tdrs-digitalisation-modules-education-financiere_digicoop-fcpb.pdf.pdf,04_contexte_cif_sfd\CIF _ tdrs-digitalisation-modules-education-financiere_digicoop-fcpb.pdf.pdf,assets\wp-content__uploads__tdrs-digitalisation-modules-education-financiere_digicoop-fcpb.pdf--c52188bb0e.pdf,.pdf,294646,cea85bbb9c21382a554664c1c0fe10ee5d42bf4b06f204df020a039a49da765c
cif,3,CIF / tdrs-digitalisation-modules-education-financiere_digicoop-fececam-benin.pdf.pdf,04_contexte_cif_sfd\CIF _ tdrs-digitalisation-modules-education-financiere_digicoop-fececam-benin.pdf.pdf,assets\wp-content__uploads__tdrs-digitalisation-modules-education-financiere_digicoop-fececam-benin.pdf--33314c1b33.pdf,.pdf,297234,066d8e812712f1c1d666dfce35541569291850b0c314d499887bb365a3637b5d
cif,3,CIF / tdrs-digitalisation-modules-education-financiere_digicoop-fucec-togo.pdf.pdf,04_contexte_cif_sfd\CIF _ tdrs-digitalisation-modules-education-financiere_digicoop-fucec-togo.pdf.pdf,assets\wp-content__uploads__tdrs-digitalisation-modules-education-financiere_digicoop-fucec-togo.pdf--3a3170793a.pdf,.pdf,297045,f7ddbca86bd196d20e62eb03a425a61d13ec45ff469f094521182fe8d34a8450
cif,3,CIF / tdrs-digitalisation-modules-education-financiere_digicoop-nyesigiso.pdf.pdf,04_contexte_cif_sfd\CIF _ tdrs-digitalisation-modules-education-financiere_digicoop-nyesigiso.pdf.pdf,assets\wp-content__uploads__tdrs-digitalisation-modules-education-financiere_digicoop-nyesigiso.pdf--2d8027bac0.pdf,.pdf,295533,637383a1087460f9f97d8a24d71d207ddea45b7dca5e26e50fd2fa4884ccc18f
cif,3,CIF / tdrs-hackathon-cif-projet-digicoop-wa_11-mars 26.pdf.pdf,04_contexte_cif_sfd\CIF _ tdrs-hackathon-cif-projet-digicoop-wa_11-mars 26.pdf.pdf,assets\wp-content__uploads__tdrs-hackathon-cif-projet-digicoop-wa_11-mars-2026.pdf--13408f4000.pdf,.pdf,204301,4003bfc3bb72db7c7aa884ca5e9352c16f16a3b4671b499c2446ca6507011351
cif,3,CIF / tdrs_recrutement_secretaire_administratif_vf-1.pdf.pdf,04_contexte_cif_sfd\CIF _ tdrs_recrutement_secretaire_administratif_vf-1.pdf.pdf,assets\wp-content__uploads__tdrs_recrutement_secretaire_administratif_vf-1.pdf--7d3a4f8ad8.pdf,.pdf,161370,8330eba51313eb37e53e35b8ab910e617992f692f92ec392a033892ca4a02756
cif,3,CIF / tdrs_recrutement_secretaire_administratif_vf.pdf.pdf,04_contexte_cif_sfd\CIF _ tdrs_recrutement_secretaire_administratif_vf.pdf.pdf,assets\wp-content__uploads__tdrs_recrutement_secretaire_administratif_vf.pdf--91cab9df4c.pdf,.pdf,172351,70a5ca7d16e357716be69d93106528a4f1b95ca31c12f20298b042a0a1819f3a
cif,3,CIF / un-accord-de-partenariat-entre-banca-etica-et-la-cif.pdf.pdf,04_contexte_cif_sfd\CIF _ un-accord-de-partenariat-entre-banca-etica-et-la-cif.pdf.pdf,assets\wp-content__uploads__un-accord-de-partenariat-entre-banca-etica-et-la-cif.pdf--afaa4ce61b.pdf,.pdf,362340,7744303dad66ba4509e295f1b3059b5573be3068374027e9a4ffa2444f560122
giaba,3,CIF / tdrs-recrutement-consultant-suivi-evaluation-nong-saaya.pdf.pdf,02_giaba_evaluations_typologies\CIF _ tdrs-recrutement-consultant-suivi-evaluation-nong-saaya.pdf.pdf,assets\wp-content__uploads__tdrs-recrutement-consultant-suivi-evaluation-nong-saaya.pdf--d6c0e962f3.pdf,.pdf,403272,756b9afb3001b323303e7938f645ef9b29d6872f660f182768eee9a502dda2c2
